use HuskyPulse;

# Had to change the year because it is tiny int, so it wouldn't take in full year values
ALTER TABLE student MODIFY `year` INT;


# for student table
INSERT INTO `student` (`NUID`, `first_name`, `last_name`, `email`, `major`, `cultural_background`, `religion`, `pre_professional`, `year`) VALUES (1, 'Vaughan', 'Corrao', 'vcorrao0@squidoo.com', 'Undeclared', 'Salish', 'Candomblé', 'Pre-Engineering', 1999);
INSERT INTO `student` (`NUID`, `first_name`, `last_name`, `email`, `major`, `cultural_background`, `religion`, `pre_professional`, `year`) VALUES (2, 'Khalil', 'Gingell', 'kgingell1@google.nl', 'Business Administration', 'Lakota', 'Aboriginal Spirituality', 'Pre-Military', 2005);
INSERT INTO `student` (`NUID`, `first_name`, `last_name`, `email`, `major`, `cultural_background`, `religion`, `pre_professional`, `year`) VALUES (3, 'Koral', 'Antat', 'kantat2@hc360.com', 'Media Arts', 'Gitxsan', 'New Age', 'Pre-Veterinary', 1992);
INSERT INTO `student` (`NUID`, `first_name`, `last_name`, `email`, `major`, `cultural_background`, `religion`, `pre_professional`, `year`) VALUES (4, 'Erhard', 'Follos', 'efollos3@vinaora.com', 'Game Design', 'Inuvialuit', 'Tengriism', 'Pre-Physical Therapy', 2007);
INSERT INTO `student` (`NUID`, `first_name`, `last_name`, `email`, `major`, `cultural_background`, `religion`, `pre_professional`, `year`) VALUES (5, 'Burt', 'Ostick', 'bostick4@instagram.com', 'Media and Screen Studies', 'Ainu', 'New Age', 'Undecided', 2005);
INSERT INTO `student` (`NUID`, `first_name`, `last_name`, `email`, `major`, `cultural_background`, `religion`, `pre_professional`, `year`) VALUES (6, 'Fiorenze', 'Hackley', 'fhackley5@livejournal.com', 'Cybersecurity', 'Nakota', 'Caodaism', 'Pre-Biomedical Science', 1954);
INSERT INTO `student` (`NUID`, `first_name`, `last_name`, `email`, `major`, `cultural_background`, `religion`, `pre_professional`, `year`) VALUES (7, 'Sibilla', 'Moncarr', 'smoncarr6@cdc.gov', 'Pharmaceutical Sciences', 'Peigan', 'New Age', 'Pre-Environmental Science', 1987);
INSERT INTO `student` (`NUID`, `first_name`, `last_name`, `email`, `major`, `cultural_background`, `religion`, `pre_professional`, `year`) VALUES (8, 'Emelia', 'Dmych', 'edmych7@mapy.cz', 'Linguistics', 'Cajun', 'Unitarian Universalism', 'Pre-Law', 2000);
INSERT INTO `student` (`NUID`, `first_name`, `last_name`, `email`, `major`, `cultural_background`, `religion`, `pre_professional`, `year`) VALUES (9, 'Millisent', 'Ravenhills', 'mravenhills8@simplemachines.org', 'Design', 'Interior Salish', 'Native American Spirituality', 'Pre-Computer Science', 2007);
INSERT INTO `student` (`NUID`, `first_name`, `last_name`, `email`, `major`, `cultural_background`, `religion`, `pre_professional`, `year`) VALUES (10, 'Erastus', 'Covill', 'ecovill9@youku.com', 'Economics', 'Manx', 'No Religion', 'Undecided', 2006);
INSERT INTO `student` (`NUID`, `first_name`, `last_name`, `email`, `major`, `cultural_background`, `religion`, `pre_professional`, `year`) VALUES (11, 'Troy', 'Balling', 'tballinga@wiley.com', 'Criminal Justice', 'Salish', 'Other', 'Pre-Public Health', 2005);
INSERT INTO `student` (`NUID`, `first_name`, `last_name`, `email`, `major`, `cultural_background`, `religion`, `pre_professional`, `year`) VALUES (12, 'Maison', 'Scheu', 'mscheub@tamu.edu', 'Robotics', 'Coast Salish', 'Falun Gong', 'Pre-Environmental Science', 2011);
INSERT INTO `student` (`NUID`, `first_name`, `last_name`, `email`, `major`, `cultural_background`, `religion`, `pre_professional`, `year`) VALUES (13, 'Erminia', 'Mazey', 'emazeyc@themeforest.net', 'Computer Science and Music Composition and Technology', 'Coast Salish', 'Korean Shamanism', 'Pre-Law', 1989);
INSERT INTO `student` (`NUID`, `first_name`, `last_name`, `email`, `major`, `cultural_background`, `religion`, `pre_professional`, `year`) VALUES (14, 'Inga', 'Extance', 'iextanced@icio.us', 'Marketing Analytics', 'Tsimshian', 'Scientology', 'Pre-Clinical Psychology', 1992);
INSERT INTO `student` (`NUID`, `first_name`, `last_name`, `email`, `major`, `cultural_background`, `religion`, `pre_professional`, `year`) VALUES (15, 'Muhammad', 'Keveren', 'mkeverene@rambler.ru', 'English', 'Uyghur', 'Pantheism', 'Pre-Occupational Therapy', 1987);
INSERT INTO `student` (`NUID`, `first_name`, `last_name`, `email`, `major`, `cultural_background`, `religion`, `pre_professional`, `year`) VALUES (16, 'Anni', 'Chaperlin', 'achaperlinf@blogspot.com', 'Information Science and Psychology', 'Ohlone', 'Korean Shamanism', 'Pre-Physician Assistant', 2010);
INSERT INTO `student` (`NUID`, `first_name`, `last_name`, `email`, `major`, `cultural_background`, `religion`, `pre_professional`, `year`) VALUES (17, 'Mellie', 'Westraw', 'mwestrawg@dailymail.co.uk', 'Computer Engineering', 'Ulster Scots', 'New Age', 'Pre-Clinical Psychology', 2008);
INSERT INTO `student` (`NUID`, `first_name`, `last_name`, `email`, `major`, `cultural_background`, `religion`, `pre_professional`, `year`) VALUES (18, 'Malvina', 'Durrell', 'mdurrellh@godaddy.com', 'Business Administration and Health Science', 'Shoshone', 'Hinduism', 'Pre-Pharmacy', 1992);
INSERT INTO `student` (`NUID`, `first_name`, `last_name`, `email`, `major`, `cultural_background`, `religion`, `pre_professional`, `year`) VALUES (19, 'Merola', 'Cuddehay', 'mcuddehayi@histats.com', 'Computer Science and Journalism', 'Tigrayan', 'Paganism', 'Pre-Military', 1989);
INSERT INTO `student` (`NUID`, `first_name`, `last_name`, `email`, `major`, `cultural_background`, `religion`, `pre_professional`, `year`) VALUES (20, 'Jo-anne', 'Rowntree', 'jrowntreej@weather.com', 'Information Science', 'Mississauga', 'Jainism', 'Pre-Physical Therapy', 1992);
INSERT INTO `student` (`NUID`, `first_name`, `last_name`, `email`, `major`, `cultural_background`, `religion`, `pre_professional`, `year`) VALUES (21, 'Dennis', 'Boone', 'david77@gray.biz', 'Robotics', 'Haida', 'Judaism', 'Pre-Law', 2011);
INSERT INTO `student` (`NUID`, `first_name`, `last_name`, `email`, `major`, `cultural_background`, `religion`, `pre_professional`, `year`) VALUES (22, 'Ryan', 'Farmer', 'zadams@garza.com', 'Mechanical Engineering', 'Pashtun', 'Paganism', 'Pre-Public Health', 1986);
INSERT INTO `student` (`NUID`, `first_name`, `last_name`, `email`, `major`, `cultural_background`, `religion`, `pre_professional`, `year`) VALUES (23, 'Anthony', 'Johnson', 'bparks@johnson.info', 'Mechanical Engineering', 'Nuxalk', 'Paganism', 'Pre-Biomedical Science', 1980);
INSERT INTO `student` (`NUID`, `first_name`, `last_name`, `email`, `major`, `cultural_background`, `religion`, `pre_professional`, `year`) VALUES (24, 'Angela', 'Reed', 'bfarley@monroe-hawkins.com', 'Mechanical Engineering', 'Nisga’a', 'No Religion', 'Pre-Law', 2000);
INSERT INTO `student` (`NUID`, `first_name`, `last_name`, `email`, `major`, `cultural_background`, `religion`, `pre_professional`, `year`) VALUES (25, 'Jacob', 'Riddle', 'paulpaula@hotmail.com', 'Computer Science', 'Nuxalk', 'Hinduism', 'Pre-Optometry', 1980);
INSERT INTO `student` (`NUID`, `first_name`, `last_name`, `email`, `major`, `cultural_background`, `religion`, `pre_professional`, `year`) VALUES (26, 'Vincent', 'Coffey', 'justin78@chapman-johnson.com', 'Business Administration', 'Tlingit', 'Paganism', 'Pre-Med', 2013);
INSERT INTO `student` (`NUID`, `first_name`, `last_name`, `email`, `major`, `cultural_background`, `religion`, `pre_professional`, `year`) VALUES (27, 'Julia', 'Powell', 'ana51@beck-rodriguez.com', 'English', 'Pashtun', 'Unitarian Universalism', 'Pre-Optometry', 1994);
INSERT INTO `student` (`NUID`, `first_name`, `last_name`, `email`, `major`, `cultural_background`, `religion`, `pre_professional`, `year`) VALUES (28, 'Abigail', 'Long', 'harrisonkyle@hotmail.com', 'Biology', 'Tlingit', 'No Religion', 'Pre-Computer Science', 1998);
INSERT INTO `student` (`NUID`, `first_name`, `last_name`, `email`, `major`, `cultural_background`, `religion`, `pre_professional`, `year`) VALUES (29, 'Brittany', 'Long', 'waynehendrix@ryan.com', 'Computer Science', 'Gitxsan', 'Scientology', 'Pre-Law', 1991);
INSERT INTO `student` (`NUID`, `first_name`, `last_name`, `email`, `major`, `cultural_background`, `religion`, `pre_professional`, `year`) VALUES (30, 'Richard', 'Cooper', 'qbrowning@hotmail.com', 'Game Design', 'Haida', 'Confucianism', 'Pre-Optometry', 2007);
INSERT INTO `student` (`NUID`, `first_name`, `last_name`, `email`, `major`, `cultural_background`, `religion`, `pre_professional`, `year`) VALUES (31, 'Chelsea', 'Daniel', 'aprilhoffman@yahoo.com', 'Design and Mathematics', 'Tlingit', 'Judaism', 'Pre-Occupational Therapy', 2011);
INSERT INTO `student` (`NUID`, `first_name`, `last_name`, `email`, `major`, `cultural_background`, `religion`, `pre_professional`, `year`) VALUES (32, 'Stephanie', 'Castillo', 'shelley62@gmail.com', 'Environmental Science', 'Salish', 'Paganism', 'Pre-Nursing', 1987);
INSERT INTO `student` (`NUID`, `first_name`, `last_name`, `email`, `major`, `cultural_background`, `religion`, `pre_professional`, `year`) VALUES (33, 'Gabriel', 'Kennedy', 'gibsonbrittany@gmail.com', 'English', 'Pashtun', 'Judaism', 'Pre-Occupational Therapy', 1989);
INSERT INTO `student` (`NUID`, `first_name`, `last_name`, `email`, `major`, `cultural_background`, `religion`, `pre_professional`, `year`) VALUES (34, 'Zachary', 'Walters', 'trevormorgan@collins.com', 'Environmental Science', 'Haida', 'Judaism', 'Pre-Law', 1981);
INSERT INTO `student` (`NUID`, `first_name`, `last_name`, `email`, `major`, `cultural_background`, `religion`, `pre_professional`, `year`) VALUES (35, 'Heather', 'Francis', 'ryanmills@hotmail.com', 'Computer Science', 'Gitxsan', 'Judaism', 'Pre-Biomedical Science', 2012);
INSERT INTO `student` (`NUID`, `first_name`, `last_name`, `email`, `major`, `cultural_background`, `religion`, `pre_professional`, `year`) VALUES (36, 'Elizabeth', 'Grant', 'jacob45@wilson.org', 'Game Design', 'Choctaw', 'No Religion', 'Pre-Military', 2002);
INSERT INTO `student` (`NUID`, `first_name`, `last_name`, `email`, `major`, `cultural_background`, `religion`, `pre_professional`, `year`) VALUES (37, 'Justin', 'Taylor', 'valentinelane@gmail.com', 'Business Administration', 'Nuxalk', 'Animism', 'Pre-Engineering', 1993);
INSERT INTO `student` (`NUID`, `first_name`, `last_name`, `email`, `major`, `cultural_background`, `religion`, `pre_professional`, `year`) VALUES (38, 'Andrew', 'Johnson', 'jackhogan@hughes.net', 'English', 'Salish', 'Christianity', 'Pre-Biomedical Science', 2006);
INSERT INTO `student` (`NUID`, `first_name`, `last_name`, `email`, `major`, `cultural_background`, `religion`, `pre_professional`, `year`) VALUES (39, 'Kaitlyn', 'White', 'elizabeth94@murphy.net', 'Environmental Science', 'Choctaw', 'Judaism', 'Pre-Chiropractic', 1994);
INSERT INTO `student` (`NUID`, `first_name`, `last_name`, `email`, `major`, `cultural_background`, `religion`, `pre_professional`, `year`) VALUES (40, 'Emily', 'Howard', 'joshua94@allen.biz', 'Computer Science', 'Pashtun', 'Buddhism', 'Pre-Optometry', 2001);
INSERT INTO `student` (`NUID`, `first_name`, `last_name`, `email`, `major`, `cultural_background`, `religion`, `pre_professional`, `year`) VALUES (41, 'Noah', 'Henderson', 'jose47@taylor.com', 'Political Science', 'Nisga’a', 'Agnosticism', 'Pre-Dental', 2009);
INSERT INTO `student` (`NUID`, `first_name`, `last_name`, `email`, `major`, `cultural_background`, `religion`, `pre_professional`, `year`) VALUES (42, 'Emma', 'Coleman', 'raymond44@yahoo.com', 'Journalism', 'Haida', 'Shinto', 'Pre-Law', 2007);
INSERT INTO `student` (`NUID`, `first_name`, `last_name`, `email`, `major`, `cultural_background`, `religion`, `pre_professional`, `year`) VALUES (43, 'Natalie', 'Wood', 'gina13@gmail.com', 'Environmental Studies', 'Salish', 'Shinto', 'Pre-Social Work', 2005);
INSERT INTO `student` (`NUID`, `first_name`, `last_name`, `email`, `major`, `cultural_background`, `religion`, `pre_professional`, `year`) VALUES (44, 'Kyle', 'Barnes', 'franktorres@weiss.net', 'Criminal Justice', 'Afro-Caribbean', 'Church of Satan', 'Pre-Nursing', 2003);
INSERT INTO `student` (`NUID`, `first_name`, `last_name`, `email`, `major`, `cultural_background`, `religion`, `pre_professional`, `year`) VALUES (45, 'Samantha', 'Freeman', 'james89@christian.biz', 'Information Science and Business Administration', 'Choctaw', 'Pantheism', 'Pre-Clinical Psychology', 2010);
INSERT INTO `student` (`NUID`, `first_name`, `last_name`, `email`, `major`, `cultural_background`, `religion`, `pre_professional`, `year`) VALUES (46, 'Aaron', 'Gonzales', 'karenboyd@bryant.com', 'Game Design', 'Pashtun', 'Tenrikyo', 'Pre-Environmental Science', 1993);
INSERT INTO `student` (`NUID`, `first_name`, `last_name`, `email`, `major`, `cultural_background`, `religion`, `pre_professional`, `year`) VALUES (47, 'Hannah', 'Cruz', 'xjones@gmail.com', 'Mechanical Engineering', 'Tlingit', 'Confucianism', 'Pre-Public Health', 2001);
INSERT INTO `student` (`NUID`, `first_name`, `last_name`, `email`, `major`, `cultural_background`, `religion`, `pre_professional`, `year`) VALUES (48, 'Brandon', 'Murphy', 'zthomas@fleming.com', 'International Affairs', 'Nisga’a', 'Confucianism', 'Pre-Physical Therapy', 2006);
INSERT INTO `student` (`NUID`, `first_name`, `last_name`, `email`, `major`, `cultural_background`, `religion`, `pre_professional`, `year`) VALUES (49, 'Katherine', 'Graham', 'david68@brown.org', 'Robotics', 'Choctaw', 'Judaism', 'Pre-Veterinary', 1997);
INSERT INTO `student` (`NUID`, `first_name`, `last_name`, `email`, `major`, `cultural_background`, `religion`, `pre_professional`, `year`) VALUES (50, 'James', 'Dixon', 'andrewbaxter@banks.info', 'Linguistics', 'Haida', 'Vodou', 'Pre-Architecture', 1995);
INSERT INTO `student` (`NUID`, `first_name`, `last_name`, `email`, `major`, `cultural_background`, `religion`, `pre_professional`, `year`) VALUES (51, 'Michelle', 'Ford', 'kelseyboyle@comcast.net', 'Information Science', 'Pashtun', 'Hinduism', 'Pre-Law', 2011);
INSERT INTO `student` (`NUID`, `first_name`, `last_name`, `email`, `major`, `cultural_background`, `religion`, `pre_professional`, `year`) VALUES (52, 'Daniel', 'Watkins', 'leejonathan@hotmail.com', 'Cultural Anthropology', 'Salish', 'Islam', 'Pre-Biomedical Science', 2002);
INSERT INTO `student` (`NUID`, `first_name`, `last_name`, `email`, `major`, `cultural_background`, `religion`, `pre_professional`, `year`) VALUES (53, 'Amber', 'Bennett', 'gwenjames@taylor.info', 'History', 'Nisga’a', 'Judaism', 'Pre-Law', 2006);
INSERT INTO `student` (`NUID`, `first_name`, `last_name`, `email`, `major`, `cultural_background`, `religion`, `pre_professional`, `year`) VALUES (54, 'Joshua', 'Wheeler', 'jhoward@yahoo.com', 'Psychology', 'Haida', 'New Age', 'Pre-Social Work', 1999);
INSERT INTO `student` (`NUID`, `first_name`, `last_name`, `email`, `major`, `cultural_background`, `religion`, `pre_professional`, `year`) VALUES (55, 'Lauren', 'Gibbs', 'smclaughlin@phillips.com', 'Design and Mathematics', 'Choctaw', 'Buddhism', 'Pre-Military', 1998);
INSERT INTO `student` (`NUID`, `first_name`, `last_name`, `email`, `major`, `cultural_background`, `religion`, `pre_professional`, `year`) VALUES (56, 'Tyler', 'George', 'csmith@jenkins.com', 'Computer Science', 'Afro-Caribbean', 'Shinto', 'Pre-Nursing', 2004);
INSERT INTO `student` (`NUID`, `first_name`, `last_name`, `email`, `major`, `cultural_background`, `religion`, `pre_professional`, `year`) VALUES (57, 'Rachel', 'Reynolds', 'dbarnes@wallace.com', 'Computer Science and Psychology', 'Gitxsan', 'Islam', 'Pre-Pharmacy', 2007);
INSERT INTO `student` (`NUID`, `first_name`, `last_name`, `email`, `major`, `cultural_background`, `religion`, `pre_professional`, `year`) VALUES (58, 'Nathan', 'Sullivan', 'gloria66@jensen.com', 'Data Science', 'Haida', 'Animism', 'Pre-Occupational Therapy', 2000);
INSERT INTO `student` (`NUID`, `first_name`, `last_name`, `email`, `major`, `cultural_background`, `religion`, `pre_professional`, `year`) VALUES (59, 'Christina', 'Fowler', 'perezjonathan@johnson.org', 'Biology', 'Choctaw', 'Pastafarianism', 'Pre-Optometry', 1994);
INSERT INTO `student` (`NUID`, `first_name`, `last_name`, `email`, `major`, `cultural_background`, `religion`, `pre_professional`, `year`) VALUES (60, 'Brian', 'Richards', 'smithtimothy@gmail.com', 'Business Administration', 'Tsimshian', 'Animism', 'Pre-Nursing', 1989);
INSERT INTO `student` (`NUID`, `first_name`, `last_name`, `email`, `major`, `cultural_background`, `religion`, `pre_professional`, `year`) VALUES (61, 'Courtney', 'Ferguson', 'thomasdanny@hotmail.com', 'Media Arts', 'Gitxsan', 'Pastafarianism', 'Pre-Veterinary', 2001);
INSERT INTO `student` (`NUID`, `first_name`, `last_name`, `email`, `major`, `cultural_background`, `religion`, `pre_professional`, `year`) VALUES (62, 'Jason', 'Peters', 'dana77@gmail.com', 'Game Design', 'Salish', 'Tenrikyo', 'Pre-Environmental Science', 2004);
INSERT INTO `student` (`NUID`, `first_name`, `last_name`, `email`, `major`, `cultural_background`, `religion`, `pre_professional`, `year`) VALUES (63, 'Megan', 'Diaz', 'kevinwood@carroll.net', 'Media Arts', 'Tlingit', 'Confucianism', 'Pre-Biomedical Science', 2000);
INSERT INTO `student` (`NUID`, `first_name`, `last_name`, `email`, `major`, `cultural_background`, `religion`, `pre_professional`, `year`) VALUES (64, 'Benjamin', 'Weber', 'taylortyler@myers.org', 'Media and Screen Studies', 'Nuxalk', 'Shinto', 'Pre-Military', 1996);
INSERT INTO `student` (`NUID`, `first_name`, `last_name`, `email`, `major`, `cultural_background`, `religion`, `pre_professional`, `year`) VALUES (65, 'Lindsey', 'Owens', 'timothyriley@bailey.org', 'Information Science and Business Administration', 'Tsimshian', 'Judaism', 'Pre-Dental', 2005);
INSERT INTO `student` (`NUID`, `first_name`, `last_name`, `email`, `major`, `cultural_background`, `religion`, `pre_professional`, `year`) VALUES (66, 'Travis', 'Fleming', 'lindawagner@ball.com', 'Data Science', 'Tlingit', 'Tenrikyo', 'Pre-Military', 2001);
INSERT INTO `student` (`NUID`, `first_name`, `last_name`, `email`, `major`, `cultural_background`, `religion`, `pre_professional`, `year`) VALUES (67, 'Cynthia', 'Burton', 'xvalenzuela@gmail.com', 'Music Composition and Technology', 'Haida', 'Taoism', 'Pre-Physical Therapy', 1993);
INSERT INTO `student` (`NUID`, `first_name`, `last_name`, `email`, `major`, `cultural_background`, `religion`, `pre_professional`, `year`) VALUES (68, 'Steven', 'Bates', 'wcox@becker-wong.com', 'Computer Engineering', 'Tlingit', 'Korean Shamanism', 'Pre-Law', 2004);
INSERT INTO `student` (`NUID`, `first_name`, `last_name`, `email`, `major`, `cultural_background`, `religion`, `pre_professional`, `year`) VALUES (69, 'Ashley', 'Pearson', 'robin24@yahoo.com', 'Political Science', 'Choctaw', 'Confucianism', 'Pre-Optometry', 2006);
INSERT INTO `student` (`NUID`, `first_name`, `last_name`, `email`, `major`, `cultural_background`, `religion`, `pre_professional`, `year`) VALUES (70, 'Jared', 'Morrison', 'meghanmoss@fritz.org', 'Public Health', 'Nisga’a', 'Hinduism', 'Pre-Architecture', 2008);
INSERT INTO `student` (`NUID`, `first_name`, `last_name`, `email`, `major`, `cultural_background`, `religion`, `pre_professional`, `year`) VALUES (71, 'Rebecca', 'Griffith', 'ugonzalez@hale.biz', 'Biochemistry', 'Salish', 'Pastafarianism', 'Pre-Computer Science', 2001);
INSERT INTO `student` (`NUID`, `first_name`, `last_name`, `email`, `major`, `cultural_background`, `religion`, `pre_professional`, `year`) VALUES (72, 'Mark', 'Payne', 'browndominique@higgins.net', 'Media and Screen Studies', 'Pashtun', 'New Age', 'Pre-Law', 1994);
INSERT INTO `student` (`NUID`, `first_name`, `last_name`, `email`, `major`, `cultural_background`, `religion`, `pre_professional`, `year`) VALUES (73, 'Brianna', 'Schmidt', 'andrew67@phillips.org', 'Mechanical Engineering', 'Tsimshian', 'Pantheism', 'Pre-Optometry', 1990);
INSERT INTO `student` (`NUID`, `first_name`, `last_name`, `email`, `major`, `cultural_background`, `religion`, `pre_professional`, `year`) VALUES (74, 'Dylan', 'Shaw', 'elizabeth63@anderson.biz', 'Linguistics', 'Tlingit', 'Judaism', 'Pre-Public Health', 2003);
INSERT INTO `student` (`NUID`, `first_name`, `last_name`, `email`, `major`, `cultural_background`, `religion`, `pre_professional`, `year`) VALUES (75, 'Sydney', 'Warren', 'allenamy@gmail.com', 'History', 'Gitxsan', 'No Religion', 'Pre-Architecture', 2002);
INSERT INTO `student` (`NUID`, `first_name`, `last_name`, `email`, `major`, `cultural_background`, `religion`, `pre_professional`, `year`) VALUES (76, 'Brenda', 'Rice', 'gregory26@mitchell-smith.com', 'Game Art and Animation', 'Salish', 'Pantheism', 'Pre-Occupational Therapy', 1996);
INSERT INTO `student` (`NUID`, `first_name`, `last_name`, `email`, `major`, `cultural_background`, `religion`, `pre_professional`, `year`) VALUES (77, 'Adam', 'Greene', 'michael63@castillo-kennedy.com', 'Journalism', 'Tsimshian', 'No Religion', 'Pre-Law', 1992);
INSERT INTO `student` (`NUID`, `first_name`, `last_name`, `email`, `major`, `cultural_background`, `religion`, `pre_professional`, `year`) VALUES (78, 'Crystal', 'Bishop', 'karenjohnson@carr.com', 'Environmental Studies', 'Nuxalk', 'Animism', 'Pre-Computer Science', 1988);
INSERT INTO `student` (`NUID`, `first_name`, `last_name`, `email`, `major`, `cultural_background`, `religion`, `pre_professional`, `year`) VALUES (79, 'Logan', 'West', 'anthonyvalentine@yahoo.com', 'Biology', 'Tlingit', 'Animism', 'Pre-Military', 2004);
INSERT INTO `student` (`NUID`, `first_name`, `last_name`, `email`, `major`, `cultural_background`, `religion`, `pre_professional`, `year`) VALUES (80, 'Sara', 'Parks', 'jonescolleen@gmail.com', 'Information Science', 'Choctaw', 'Paganism', 'Pre-Nursing', 2005);
INSERT INTO `student` (`NUID`, `first_name`, `last_name`, `email`, `major`, `cultural_background`, `religion`, `pre_professional`, `year`) VALUES (81, 'Trevor', 'Stephens', 'williamjackson@bush.net', 'Information Science', 'Haida', 'Taoism', 'Pre-Public Health', 2010);
INSERT INTO `student` (`NUID`, `first_name`, `last_name`, `email`, `major`, `cultural_background`, `religion`, `pre_professional`, `year`) VALUES (82, 'Jillian', 'Chavez', 'amywoods@willis.org', 'Philosophy', 'Salish', 'Confucianism', 'Pre-Med', 1999);
INSERT INTO `student` (`NUID`, `first_name`, `last_name`, `email`, `major`, `cultural_background`, `religion`, `pre_professional`, `year`) VALUES (83, 'Shawn', 'Hanson', 'laurajackson@reese.com', 'Environmental Engineering', 'Haida', 'No Religion', 'Pre-Law', 1987);
INSERT INTO `student` (`NUID`, `first_name`, `last_name`, `email`, `major`, `cultural_background`, `religion`, `pre_professional`, `year`) VALUES (84, 'Morgan', 'Lynch', 'ngonzales@rice.biz', 'Political Science', 'Choctaw', 'Islam', 'Pre-Dental', 2003);
INSERT INTO `student` (`NUID`, `first_name`, `last_name`, `email`, `major`, `cultural_background`, `religion`, `pre_professional`, `year`) VALUES (85, 'Alyssa', 'Barrett', 'bryantashley@rodriguez-hansen.com', 'Accounting', 'Tsimshian', 'Hinduism', 'Pre-Biomedical Science', 1991);
INSERT INTO `student` (`NUID`, `first_name`, `last_name`, `email`, `major`, `cultural_background`, `religion`, `pre_professional`, `year`) VALUES (86, 'Shane', 'Medina', 'jose31@lopez-brewer.com', 'Mechanical Engineering', 'Pashtun', 'Islam', 'Pre-Social Work', 2001);
INSERT INTO `student` (`NUID`, `first_name`, `last_name`, `email`, `major`, `cultural_background`, `religion`, `pre_professional`, `year`) VALUES (87, 'Erica', 'Fitzgerald', 'andrew17@howard.net', 'Cultural Anthropology', 'Salish', 'Vodou', 'Pre-Chiropractic', 2000);
INSERT INTO `student` (`NUID`, `first_name`, `last_name`, `email`, `major`, `cultural_background`, `religion`, `pre_professional`, `year`) VALUES (88, 'Garrett', 'Hayes', 'cherylfarrell@doyle.com', 'Public Health', 'Haida', 'Christianity', 'Pre-Military', 1995);
INSERT INTO `student` (`NUID`, `first_name`, `last_name`, `email`, `major`, `cultural_background`, `religion`, `pre_professional`, `year`) VALUES (89, 'Vanessa', 'Holt', 'mitchellgary@gmail.com', 'Computer Science', 'Tlingit', 'Agnosticism', 'Pre-Engineering', 2007);
INSERT INTO `student` (`NUID`, `first_name`, `last_name`, `email`, `major`, `cultural_background`, `religion`, `pre_professional`, `year`) VALUES (90, 'Carlos', 'Hart', 'wilkersonkayla@hotmail.com', 'Music Composition and Technology', 'Gitxsan', 'Animism', 'Pre-Physician Assistant', 2002);
INSERT INTO `student` (`NUID`, `first_name`, `last_name`, `email`, `major`, `cultural_background`, `religion`, `pre_professional`, `year`) VALUES (91, 'Tina', 'Mendoza', 'stephaniemurray@gmail.com', 'Game Art and Animation', 'Pashtun', 'Judaism', 'Pre-Nursing', 2004);
INSERT INTO `student` (`NUID`, `first_name`, `last_name`, `email`, `major`, `cultural_background`, `religion`, `pre_professional`, `year`) VALUES (92, 'Clayton', 'Moss', 'elizabethcasey@carr.org', 'Biochemistry', 'Nisga’a', 'Hinduism', 'Pre-Biomedical Science', 2006);
INSERT INTO `student` (`NUID`, `first_name`, `last_name`, `email`, `major`, `cultural_background`, `religion`, `pre_professional`, `year`) VALUES (93, 'Alexis', 'Snyder', 'andrewryan@holland.net', 'Robotics', 'Haida', 'Buddhism', 'Pre-Architecture', 2011);
INSERT INTO `student` (`NUID`, `first_name`, `last_name`, `email`, `major`, `cultural_background`, `religion`, `pre_professional`, `year`) VALUES (94, 'Brandi', 'Glover', 'xkelly@garcia.com', 'International Affairs', 'Choctaw', 'Pantheism', 'Pre-Dental', 2004);
INSERT INTO `student` (`NUID`, `first_name`, `last_name`, `email`, `major`, `cultural_background`, `religion`, `pre_professional`, `year`) VALUES (95, 'Shawn', 'Jensen', 'jguzman@gmail.com', 'Environmental Studies', 'Tlingit', 'Buddhism', 'Pre-Law', 1997);
INSERT INTO `student` (`NUID`, `first_name`, `last_name`, `email`, `major`, `cultural_background`, `religion`, `pre_professional`, `year`) VALUES (96, 'Eduardo', 'Casey', 'dennis94@diaz.com', 'Media Arts', 'Haida', 'Buddhism', 'Pre-Med', 2000);
INSERT INTO `student` (`NUID`, `first_name`, `last_name`, `email`, `major`, `cultural_background`, `religion`, `pre_professional`, `year`) VALUES (97, 'Camille', 'Booth', 'elizabethbowman@yahoo.com', 'Psychology', 'Tsimshian', 'Korean Shamanism', 'Pre-Biomedical Science', 2013);
INSERT INTO `student` (`NUID`, `first_name`, `last_name`, `email`, `major`, `cultural_background`, `religion`, `pre_professional`, `year`) VALUES (98, 'Joey', 'Grimes', 'williamwells@curry.org', 'Information Science and Philosophy', 'Choctaw', 'Pantheism', 'Pre-Public Health', 2001);
INSERT INTO `student` (`NUID`, `first_name`, `last_name`, `email`, `major`, `cultural_background`, `religion`, `pre_professional`, `year`) VALUES (99, 'Hailey', 'Velasquez', 'crosales@leonard-morales.org', 'Information Science and Sociology', 'Salish', 'Tenrikyo', 'Pre-Veterinary', 2006);
INSERT INTO `student` (`NUID`, `first_name`, `last_name`, `email`, `major`, `cultural_background`, `religion`, `pre_professional`, `year`) VALUES (100, 'Chandler', 'Gilbert', 'dianarodriguez@hendrix.com', 'Media and Screen Studies', 'Pashtun', 'Judaism', 'Pre-Law', 2008);



# for club table
INSERT INTO `club` (`id`, `name`, `type`, `subject`, `size`) VALUES (1, "Debate Club", "STEM", "Indigenous Culture", 41);
INSERT INTO `club` (`id`, `name`, `type`, `subject`, `size`) VALUES (2, "Film Society", "Professional", "Computer Science", 10);
INSERT INTO `club` (`id`, `name`, `type`, `subject`, `size`) VALUES (3, "Public Health Initiative", "Environmental", "Media Production", 157);
INSERT INTO `club` (`id`, `name`, `type`, `subject`, `size`) VALUES (4, "Muslim Student Association", "Professional", "Running", 102);
INSERT INTO `club` (`id`, `name`, `type`, `subject`, `size`) VALUES (5, "Christian Fellowship", "Social", "Volleyball", 193);
INSERT INTO `club` (`id`, `name`, `type`, `subject`, `size`) VALUES (6, "Nursing Students Association", "Language", "Mathematics", 116);
INSERT INTO `club` (`id`, `name`, `type`, `subject`, `size`) VALUES (7, "Film Society", "Music", "Cultural Exchange", 77);
INSERT INTO `club` (`id`, `name`, `type`, `subject`, `size`) VALUES (8, "Environmental Club", "Pre-Professional", "Latinx Culture", 42);
INSERT INTO `club` (`id`, `name`, `type`, `subject`, `size`) VALUES (9, "Nursing Students Association", "Technology", "Climate Action", 32);
INSERT INTO `club` (`id`, `name`, `type`, `subject`, `size`) VALUES (10, "Marketing Association", "Debate & Public Speaking", "Journalism", 87);
INSERT INTO `club` (`id`, `name`, `type`, `subject`, `size`) VALUES (11, "Pre-Med Society", "Volunteer & Outreach", "Music", 34);
INSERT INTO `club` (`id`, `name`, `type`, `subject`, `size`) VALUES (12, "Public Health Initiative", "Theater", "Film", 51);
INSERT INTO `club` (`id`, `name`, `type`, `subject`, `size`) VALUES (13, "Coding Club", "Academic", "Women Empowerment", 82);
INSERT INTO `club` (`id`, `name`, `type`, `subject`, `size`) VALUES (14, "Jazz Ensemble", "Arts", "Journalism", 132);
INSERT INTO `club` (`id`, `name`, `type`, `subject`, `size`) VALUES (15, "Acapella Group", "Entrepreneurship", "Meditation", 142);
INSERT INTO `club` (`id`, `name`, `type`, `subject`, `size`) VALUES (16, "Volunteer Corps", "Sports", "Chemistry", 191);
INSERT INTO `club` (`id`, `name`, `type`, `subject`, `size`) VALUES (17, "Jazz Ensemble", "Business", "Data Science", 123);
INSERT INTO `club` (`id`, `name`, `type`, `subject`, `size`) VALUES (18, "Sustainability Coalition", "Service", "Meditation", 74);
INSERT INTO `club` (`id`, `name`, `type`, `subject`, `size`) VALUES (19, "Marketing Association", "Environmental", "Hiking", 174);
INSERT INTO `club` (`id`, `name`, `type`, `subject`, `size`) VALUES (20, "Mental Health Awareness Club", "Entrepreneurship", "LGBTQ+ Advocacy", 196);
INSERT INTO `club` (`id`, `name`, `type`, `subject`, `size`) VALUES (21, "Running Club", "Health & Wellness", "Music", 40);
INSERT INTO `club` (`id`, `name`, `type`, `subject`, `size`) VALUES (22, "Women in Business", "Entrepreneurship", "Choir", 69);
INSERT INTO `club` (`id`, `name`, `type`, `subject`, `size`) VALUES (23, "First-Gen Student Network", "Fitness", "Sociology", 94);
INSERT INTO `club` (`id`, `name`, `type`, `subject`, `size`) VALUES (24, "Pre-Law Society", "Volunteer & Outreach", "International Relations", 104);
INSERT INTO `club` (`id`, `name`, `type`, `subject`, `size`) VALUES (25, "American Society of Civil Engineers", "Sports", "Anime", 31);
INSERT INTO `club` (`id`, `name`, `type`, `subject`, `size`) VALUES (26, "Community Service Club", "Religious", "Dance", 94);
INSERT INTO `club` (`id`, `name`, `type`, `subject`, `size`) VALUES (27, "Cultural Exchange Club", "Social", "Music", 65);
INSERT INTO `club` (`id`, `name`, `type`, `subject`, `size`) VALUES (28, "Marketing Association", "Student Government", "Christian Fellowship", 193);
INSERT INTO `club` (`id`, `name`, `type`, `subject`, `size`) VALUES (29, "Jazz Ensemble", "Service", "Theater", 38);
INSERT INTO `club` (`id`, `name`, `type`, `subject`, `size`) VALUES (30, "Christian Fellowship", "Sports", "History", 102);
INSERT INTO `club` (`id`, `name`, `type`, `subject`, `size`) VALUES (31, "Pre-Law Society", "Debate & Public Speaking", "Journalism", 101);
INSERT INTO `club` (`id`, `name`, `type`, `subject`, `size`) VALUES (32, "International Student Group", "Recreational", "Black Student Union", 54);
INSERT INTO `club` (`id`, `name`, `type`, `subject`, `size`) VALUES (33, "Student Government", "Sports", "Physics", 181);
INSERT INTO `club` (`id`, `name`, `type`, `subject`, `size`) VALUES (34, "International Student Group", "Entrepreneurship", "Physics", 96);
INSERT INTO `club` (`id`, `name`, `type`, `subject`, `size`) VALUES (35, "Coding Club", "Religious", "Mathematics", 75);
INSERT INTO `club` (`id`, `name`, `type`, `subject`, `size`) VALUES (36, "Film Society", "International", "Computer Science", 180);
INSERT INTO `club` (`id`, `name`, `type`, `subject`, `size`) VALUES (37, "Running Club", "Media", "Women Empowerment", 45);
INSERT INTO `club` (`id`, `name`, `type`, `subject`, `size`) VALUES (38, "Dance Club", "Dance", "Jewish Student Life", 50);
INSERT INTO `club` (`id`, `name`, `type`, `subject`, `size`) VALUES (39, "Society of Women Engineers", "Recreational", "Theater", 68);
INSERT INTO `club` (`id`, `name`, `type`, `subject`, `size`) VALUES (40, "International Student Group", "Dance", "Physics", 92);
INSERT INTO `club` (`id`, `name`, `type`, `subject`, `size`) VALUES (41, "Student Government", "Greek Life", "Jewish Student Life", 189);
INSERT INTO `club` (`id`, `name`, `type`, `subject`, `size`) VALUES (42, "Community Service Club", "Technology", "History", 166);
INSERT INTO `club` (`id`, `name`, `type`, `subject`, `size`) VALUES (43, "Nursing Students Association", "Sports", "Anthropology", 151);
INSERT INTO `club` (`id`, `name`, `type`, `subject`, `size`) VALUES (44, "Data Science Club", "Professional", "Nursing", 173);
INSERT INTO `club` (`id`, `name`, `type`, `subject`, `size`) VALUES (45, "Coding Club", "Cultural", "Sociology", 28);
INSERT INTO `club` (`id`, `name`, `type`, `subject`, `size`) VALUES (46, "Jazz Ensemble", "Greek Life", "Engineering", 21);
INSERT INTO `club` (`id`, `name`, `type`, `subject`, `size`) VALUES (47, "Women in Business", "Recreational", "Community Service", 118);
INSERT INTO `club` (`id`, `name`, `type`, `subject`, `size`) VALUES (48, "Accounting Society", "International", "Photography", 53);
INSERT INTO `club` (`id`, `name`, `type`, `subject`, `size`) VALUES (49, "Marketing Association", "Music", "Engineering", 14);
INSERT INTO `club` (`id`, `name`, `type`, `subject`, `size`) VALUES (50, "Engineering Society", "Service", "Politics", 126);
INSERT INTO `club` (`id`, `name`, `type`, `subject`, `size`) VALUES (51, "Pre-Law Society", "International", "Data Science", 172);
INSERT INTO `club` (`id`, `name`, `type`, `subject`, `size`) VALUES (52, "Entrepreneurship Club", "Political", "Graphic Design", 75);
INSERT INTO `club` (`id`, `name`, `type`, `subject`, `size`) VALUES (53, "LGBTQ+ Alliance", "Music", "Biology", 25);
INSERT INTO `club` (`id`, `name`, `type`, `subject`, `size`) VALUES (54, "Society of Women Engineers", "Media", "Photography", 143);
INSERT INTO `club` (`id`, `name`, `type`, `subject`, `size`) VALUES (55, "Running Club", "International", "Black Student Union", 92);
INSERT INTO `club` (`id`, `name`, `type`, `subject`, `size`) VALUES (56, "Club Basketball", "Music", "Environmental Sustainability", 28);
INSERT INTO `club` (`id`, `name`, `type`, `subject`, `size`) VALUES (57, "Environmental Club", "International", "Volunteering", 77);
INSERT INTO `club` (`id`, `name`, `type`, `subject`, `size`) VALUES (58, "Gaming Club", "Fitness", "Asian Heritage", 11);
INSERT INTO `club` (`id`, `name`, `type`, `subject`, `size`) VALUES (59, "Rock Climbing Club", "Sports", "Volunteering", 69);
INSERT INTO `club` (`id`, `name`, `type`, `subject`, `size`) VALUES (60, "Running Club", "Academic", "Engineering", 63);
INSERT INTO `club` (`id`, `name`, `type`, `subject`, `size`) VALUES (61, "Robotics Club", "Fitness", "Basketball", 89);
INSERT INTO `club` (`id`, `name`, `type`, `subject`, `size`) VALUES (62, "Acapella Group", "Health & Wellness", "Climate Action", 15);
INSERT INTO `club` (`id`, `name`, `type`, `subject`, `size`) VALUES (63, "Volunteer Corps", "Music", "Pre-Law", 113);
INSERT INTO `club` (`id`, `name`, `type`, `subject`, `size`) VALUES (64, "Red Cross Club", "Academic", "Theater", 95);
INSERT INTO `club` (`id`, `name`, `type`, `subject`, `size`) VALUES (65, "Asian American Student Association", "Business", "Soccer", 137);
INSERT INTO `club` (`id`, `name`, `type`, `subject`, `size`) VALUES (66, "Gaming Club", "STEM", "Chemistry", 78);
INSERT INTO `club` (`id`, `name`, `type`, `subject`, `size`) VALUES (67, "Model United Nations", "Gaming", "Cybersecurity", 54);
INSERT INTO `club` (`id`, `name`, `type`, `subject`, `size`) VALUES (68, "Finance and Investment Club", "Business", "Politics", 175);
INSERT INTO `club` (`id`, `name`, `type`, `subject`, `size`) VALUES (69, "Gaming Club", "Professional", "Community Service", 193);
INSERT INTO `club` (`id`, `name`, `type`, `subject`, `size`) VALUES (70, "Accounting Society", "Service", "Climate Action", 49);
INSERT INTO `club` (`id`, `name`, `type`, `subject`, `size`) VALUES (71, "Hillel Jewish Center", "Language", "Gaming", 159);
INSERT INTO `club` (`id`, `name`, `type`, `subject`, `size`) VALUES (72, "Public Health Initiative", "Academic", "Choir", 196);
INSERT INTO `club` (`id`, `name`, `type`, `subject`, `size`) VALUES (73, "Community Service Club", "Cultural", "Physics", 3);
INSERT INTO `club` (`id`, `name`, `type`, `subject`, `size`) VALUES (74, "Photography Club", "Fitness", "Rock Climbing", 102);
INSERT INTO `club` (`id`, `name`, `type`, `subject`, `size`) VALUES (75, "Running Club", "Pre-Professional", "Politics", 131);
INSERT INTO `club` (`id`, `name`, `type`, `subject`, `size`) VALUES (76, "Anime Club", "Business", "Physics", 110);
INSERT INTO `club` (`id`, `name`, `type`, `subject`, `size`) VALUES (77, "LGBTQ+ Alliance", "Language", "Literature", 40);
INSERT INTO `club` (`id`, `name`, `type`, `subject`, `size`) VALUES (78, "Mental Health Awareness Club", "Volunteer & Outreach", "Literature", 159);
INSERT INTO `club` (`id`, `name`, `type`, `subject`, `size`) VALUES (79, "International Student Group", "Gaming", "Jewish Student Life", 53);
INSERT INTO `club` (`id`, `name`, `type`, `subject`, `size`) VALUES (80, "Hillel Jewish Center", "Academic", "Language Practice", 128);
INSERT INTO `club` (`id`, `name`, `type`, `subject`, `size`) VALUES (81, "Club Basketball", "Sports", "Journalism", 53);
INSERT INTO `club` (`id`, `name`, `type`, `subject`, `size`) VALUES (82, "Jazz Ensemble", "Arts", "Asian Heritage", 53);
INSERT INTO `club` (`id`, `name`, `type`, `subject`, `size`) VALUES (83, "Robotics Club", "Professional", "Accounting", 184);
INSERT INTO `club` (`id`, `name`, `type`, `subject`, `size`) VALUES (84, "Coding Club", "Professional", "Film", 191);
INSERT INTO `club` (`id`, `name`, `type`, `subject`, `size`) VALUES (85, "Pre-Law Society", "Health & Wellness", "Yoga", 62);
INSERT INTO `club` (`id`, `name`, `type`, `subject`, `size`) VALUES (86, "Jazz Ensemble", "Language", "History", 180);
INSERT INTO `club` (`id`, `name`, `type`, `subject`, `size`) VALUES (87, "Christian Fellowship", "Pre-Professional", "Journalism", 21);
INSERT INTO `club` (`id`, `name`, `type`, `subject`, `size`) VALUES (88, "Cultural Exchange Club", "International", "Asian Heritage", 121);
INSERT INTO `club` (`id`, `name`, `type`, `subject`, `size`) VALUES (89, "Red Cross Club", "Student Government", "Women Empowerment", 167);
INSERT INTO `club` (`id`, `name`, `type`, `subject`, `size`) VALUES (90, "Dance Club", "Business", "Jewish Student Life", 53);
INSERT INTO `club` (`id`, `name`, `type`, `subject`, `size`) VALUES (91, "Anime Club", "Greek Life", "Marketing", 16);
INSERT INTO `club` (`id`, `name`, `type`, `subject`, `size`) VALUES (92, "Society of Women Engineers", "Cultural", "Jewish Student Life", 60);
INSERT INTO `club` (`id`, `name`, `type`, `subject`, `size`) VALUES (93, "LGBTQ+ Alliance", "Pre-Professional", "Mental Health", 10);
INSERT INTO `club` (`id`, `name`, `type`, `subject`, `size`) VALUES (94, "First-Gen Student Network", "Theater", "Gaming", 75);
INSERT INTO `club` (`id`, `name`, `type`, `subject`, `size`) VALUES (95, "Christian Fellowship", "Dance", "Anthropology", 124);
INSERT INTO `club` (`id`, `name`, `type`, `subject`, `size`) VALUES (96, "Coding Club", "Advocacy", "Soccer", 56);
INSERT INTO `club` (`id`, `name`, `type`, `subject`, `size`) VALUES (97, "Model United Nations", "Pre-Professional", "Christian Fellowship", 179);
INSERT INTO `club` (`id`, `name`, `type`, `subject`, `size`) VALUES (98, "International Student Group", "Arts", "Photography", 72);
INSERT INTO `club` (`id`, `name`, `type`, `subject`, `size`) VALUES (99, "Student Government", "Language", "Basketball", 44);
INSERT INTO `club` (`id`, `name`, `type`, `subject`, `size`) VALUES (100, "Engineering Society", "STEM", "Muslim Student Life", 148);


# for student_club
INSERT INTO student_club (NUID, club_id, when_joined) VALUES (1, 1, '2023-08-29');
INSERT INTO student_club (NUID, club_id, when_joined) VALUES (2, 2, '2020-07-03');
INSERT INTO student_club (NUID, club_id, when_joined) VALUES (3, 3, '2019-01-08');
INSERT INTO student_club (NUID, club_id, when_joined) VALUES (4, 4, '2023-05-05');
INSERT INTO student_club (NUID, club_id, when_joined) VALUES (5, 5, '2019-04-20');
INSERT INTO student_club (NUID, club_id, when_joined) VALUES (6, 6, '2023-09-25');
INSERT INTO student_club (NUID, club_id, when_joined) VALUES (7, 7, '2022-03-03');
INSERT INTO student_club (NUID, club_id, when_joined) VALUES (8, 8, '2020-10-09');
INSERT INTO student_club (NUID, club_id, when_joined) VALUES (9, 9, '2019-02-14');
INSERT INTO student_club (NUID, club_id, when_joined) VALUES (10, 10, '2021-05-07');
INSERT INTO student_club (NUID, club_id, when_joined) VALUES (11, 11, '2023-07-20');
INSERT INTO student_club (NUID, club_id, when_joined) VALUES (12, 12, '2020-11-25');
INSERT INTO student_club (NUID, club_id, when_joined) VALUES (13, 13, '2023-04-22');
INSERT INTO student_club (NUID, club_id, when_joined) VALUES (14, 14, '2020-11-23');
INSERT INTO student_club (NUID, club_id, when_joined) VALUES (15, 15, '2024-10-11');
INSERT INTO student_club (NUID, club_id, when_joined) VALUES (16, 16, '2023-08-10');
INSERT INTO student_club (NUID, club_id, when_joined) VALUES (17, 17, '2019-10-06');
INSERT INTO student_club (NUID, club_id, when_joined) VALUES (18, 18, '2024-10-30');
INSERT INTO student_club (NUID, club_id, when_joined) VALUES (19, 19, '2022-06-17');
INSERT INTO student_club (NUID, club_id, when_joined) VALUES (20, 20, '2020-01-18');
INSERT INTO student_club (NUID, club_id, when_joined) VALUES (21, 21, '2023-09-18');
INSERT INTO student_club (NUID, club_id, when_joined) VALUES (22, 22, '2023-07-19');
INSERT INTO student_club (NUID, club_id, when_joined) VALUES (23, 23, '2019-12-19');
INSERT INTO student_club (NUID, club_id, when_joined) VALUES (24, 24, '2021-07-08');
INSERT INTO student_club (NUID, club_id, when_joined) VALUES (25, 25, '2020-04-05');
INSERT INTO student_club (NUID, club_id, when_joined) VALUES (26, 26, '2022-12-05');
INSERT INTO student_club (NUID, club_id, when_joined) VALUES (27, 27, '2019-07-16');
INSERT INTO student_club (NUID, club_id, when_joined) VALUES (28, 28, '2024-08-03');
INSERT INTO student_club (NUID, club_id, when_joined) VALUES (29, 29, '2022-12-30');
INSERT INTO student_club (NUID, club_id, when_joined) VALUES (30, 30, '2020-06-01');
INSERT INTO student_club (NUID, club_id, when_joined) VALUES (31, 31, '2022-06-04');
INSERT INTO student_club (NUID, club_id, when_joined) VALUES (32, 32, '2019-04-05');
INSERT INTO student_club (NUID, club_id, when_joined) VALUES (33, 33, '2022-08-07');
INSERT INTO student_club (NUID, club_id, when_joined) VALUES (34, 34, '2019-10-22');
INSERT INTO student_club (NUID, club_id, when_joined) VALUES (35, 35, '2022-02-14');
INSERT INTO student_club (NUID, club_id, when_joined) VALUES (36, 36, '2024-11-07');
INSERT INTO student_club (NUID, club_id, when_joined) VALUES (37, 37, '2020-01-27');
INSERT INTO student_club (NUID, club_id, when_joined) VALUES (38, 38, '2025-01-04');
INSERT INTO student_club (NUID, club_id, when_joined) VALUES (39, 39, '2024-11-26');
INSERT INTO student_club (NUID, club_id, when_joined) VALUES (40, 40, '2019-01-23');
INSERT INTO student_club (NUID, club_id, when_joined) VALUES (41, 41, '2019-12-10');
INSERT INTO student_club (NUID, club_id, when_joined) VALUES (42, 42, '2019-11-22');
INSERT INTO student_club (NUID, club_id, when_joined) VALUES (43, 43, '2019-06-20');
INSERT INTO student_club (NUID, club_id, when_joined) VALUES (44, 44, '2023-02-01');
INSERT INTO student_club (NUID, club_id, when_joined) VALUES (45, 45, '2019-05-10');
INSERT INTO student_club (NUID, club_id, when_joined) VALUES (46, 46, '2023-11-14');
INSERT INTO student_club (NUID, club_id, when_joined) VALUES (47, 47, '2021-08-18');
INSERT INTO student_club (NUID, club_id, when_joined) VALUES (48, 48, '2019-01-02');
INSERT INTO student_club (NUID, club_id, when_joined) VALUES (49, 49, '2020-07-03');
INSERT INTO student_club (NUID, club_id, when_joined) VALUES (50, 50, '2023-08-26');
INSERT INTO student_club (NUID, club_id, when_joined) VALUES (51, 51, '2022-02-24');
INSERT INTO student_club (NUID, club_id, when_joined) VALUES (52, 52, '2023-05-29');
INSERT INTO student_club (NUID, club_id, when_joined) VALUES (53, 53, '2023-05-09');
INSERT INTO student_club (NUID, club_id, when_joined) VALUES (54, 54, '2023-04-23');
INSERT INTO student_club (NUID, club_id, when_joined) VALUES (55, 55, '2022-10-13');
INSERT INTO student_club (NUID, club_id, when_joined) VALUES (56, 56, '2020-11-18');
INSERT INTO student_club (NUID, club_id, when_joined) VALUES (57, 57, '2020-05-05');
INSERT INTO student_club (NUID, club_id, when_joined) VALUES (58, 58, '2021-06-01');
INSERT INTO student_club (NUID, club_id, when_joined) VALUES (59, 59, '2023-06-04');
INSERT INTO student_club (NUID, club_id, when_joined) VALUES (60, 60, '2019-06-06');
INSERT INTO student_club (NUID, club_id, when_joined) VALUES (61, 61, '2023-03-19');
INSERT INTO student_club (NUID, club_id, when_joined) VALUES (62, 62, '2020-11-17');
INSERT INTO student_club (NUID, club_id, when_joined) VALUES (63, 63, '2020-03-30');
INSERT INTO student_club (NUID, club_id, when_joined) VALUES (64, 64, '2022-03-07');
INSERT INTO student_club (NUID, club_id, when_joined) VALUES (65, 65, '2020-11-12');
INSERT INTO student_club (NUID, club_id, when_joined) VALUES (66, 66, '2019-04-09');
INSERT INTO student_club (NUID, club_id, when_joined) VALUES (67, 67, '2022-09-13');
INSERT INTO student_club (NUID, club_id, when_joined) VALUES (68, 68, '2023-02-25');
INSERT INTO student_club (NUID, club_id, when_joined) VALUES (69, 69, '2023-05-06');
INSERT INTO student_club (NUID, club_id, when_joined) VALUES (70, 70, '2022-08-11');
INSERT INTO student_club (NUID, club_id, when_joined) VALUES (71, 71, '2019-05-23');
INSERT INTO student_club (NUID, club_id, when_joined) VALUES (72, 72, '2024-12-07');
INSERT INTO student_club (NUID, club_id, when_joined) VALUES (73, 73, '2019-08-14');
INSERT INTO student_club (NUID, club_id, when_joined) VALUES (74, 74, '2024-10-24');
INSERT INTO student_club (NUID, club_id, when_joined) VALUES (75, 75, '2022-10-24');
INSERT INTO student_club (NUID, club_id, when_joined) VALUES (76, 76, '2023-02-10');
INSERT INTO student_club (NUID, club_id, when_joined) VALUES (77, 77, '2022-11-06');
INSERT INTO student_club (NUID, club_id, when_joined) VALUES (78, 78, '2022-04-10');
INSERT INTO student_club (NUID, club_id, when_joined) VALUES (79, 79, '2023-07-11');
INSERT INTO student_club (NUID, club_id, when_joined) VALUES (80, 80, '2022-10-24');
INSERT INTO student_club (NUID, club_id, when_joined) VALUES (81, 81, '2022-01-19');
INSERT INTO student_club (NUID, club_id, when_joined) VALUES (82, 82, '2024-12-26');
INSERT INTO student_club (NUID, club_id, when_joined) VALUES (83, 83, '2021-07-12');
INSERT INTO student_club (NUID, club_id, when_joined) VALUES (84, 84, '2023-03-01');
INSERT INTO student_club (NUID, club_id, when_joined) VALUES (85, 85, '2023-06-01');
INSERT INTO student_club (NUID, club_id, when_joined) VALUES (86, 86, '2025-01-17');
INSERT INTO student_club (NUID, club_id, when_joined) VALUES (87, 87, '2024-01-25');
INSERT INTO student_club (NUID, club_id, when_joined) VALUES (88, 88, '2023-04-01');
INSERT INTO student_club (NUID, club_id, when_joined) VALUES (89, 89, '2021-06-17');
INSERT INTO student_club (NUID, club_id, when_joined) VALUES (90, 90, '2019-09-25');
INSERT INTO student_club (NUID, club_id, when_joined) VALUES (91, 91, '2022-04-07');
INSERT INTO student_club (NUID, club_id, when_joined) VALUES (92, 92, '2024-02-18');
INSERT INTO student_club (NUID, club_id, when_joined) VALUES (93, 93, '2024-05-19');
INSERT INTO student_club (NUID, club_id, when_joined) VALUES (94, 94, '2021-07-30');
INSERT INTO student_club (NUID, club_id, when_joined) VALUES (95, 95, '2023-11-17');
INSERT INTO student_club (NUID, club_id, when_joined) VALUES (96, 96, '2020-07-31');
INSERT INTO student_club (NUID, club_id, when_joined) VALUES (97, 97, '2022-12-26');
INSERT INTO student_club (NUID, club_id, when_joined) VALUES (98, 98, '2024-04-03');
INSERT INTO student_club (NUID, club_id, when_joined) VALUES (99, 99, '2020-02-26');
INSERT INTO student_club (NUID, club_id, when_joined) VALUES (100, 100, '2023-04-01');

# for location table
INSERT INTO `location` (`id`, `capacity`, `building`, `room_num`, `address`, `city`, `state`, `zip_code`) VALUES (1, 59, 'EXP', 111308358, '360 Huntington Avenue Boston MA 02115', 'Boston', 'MA', 2115);
INSERT INTO `location` (`id`, `capacity`, `building`, `room_num`, `address`, `city`, `state`, `zip_code`) VALUES (2, 13, 'Centennial Common', 211384162, '360 Huntington Avenue Boston MA 02115', 'Boston', 'MA', 2115);
INSERT INTO `location` (`id`, `capacity`, `building`, `room_num`, `address`, `city`, `state`, `zip_code`) VALUES (3, 87, 'Churchill Hall', 253170305, '360 Huntington Avenue Boston MA 02115', 'Boston', 'MA', 2115);
INSERT INTO `location` (`id`, `capacity`, `building`, `room_num`, `address`, `city`, `state`, `zip_code`) VALUES (4, 12, 'Dana Research Center', 311373125, '360 Huntington Avenue Boston MA 02115', 'Boston', 'MA', 2115);
INSERT INTO `location` (`id`, `capacity`, `building`, `room_num`, `address`, `city`, `state`, `zip_code`) VALUES (5, 36, 'Centennial Common', 21502011, '360 Huntington Avenue Boston MA 02115', 'Boston', 'MA', 2115);
INSERT INTO `location` (`id`, `capacity`, `building`, `room_num`, `address`, `city`, `state`, `zip_code`) VALUES (6, 72, 'Dana Research Center', 84302122, '360 Huntington Avenue Boston MA 02115', 'Boston', 'MA', 2115);
INSERT INTO `location` (`id`, `capacity`, `building`, `room_num`, `address`, `city`, `state`, `zip_code`) VALUES (7, 58, 'Interdisciplinary Science and Engineering Complex (ISEC)', 122105249, '360 Huntington Avenue Boston MA 02115', 'Boston', 'MA', 2115);
INSERT INTO `location` (`id`, `capacity`, `building`, `room_num`, `address`, `city`, `state`, `zip_code`) VALUES (8, 11, 'Churchill Hall', 42174509, '360 Huntington Avenue Boston MA 02115', 'Boston', 'MA', 2115);
INSERT INTO `location` (`id`, `capacity`, `building`, `room_num`, `address`, `city`, `state`, `zip_code`) VALUES (9, 39, 'West Village B', 113123654, '360 Huntington Avenue Boston MA 02115', 'Boston', 'MA', 2115);
INSERT INTO `location` (`id`, `capacity`, `building`, `room_num`, `address`, `city`, `state`, `zip_code`) VALUES (10, 50, 'Interdisciplinary Science and Engineering Complex (ISEC)', 322271724, '360 Huntington Avenue Boston MA 02115', 'Boston', 'MA', 2115);
INSERT INTO `location` (`id`, `capacity`, `building`, `room_num`, `address`, `city`, `state`, `zip_code`) VALUES (11, 50, 'Hayden Hall', 82902663, '360 Huntington Avenue Boston MA 02115', 'Boston', 'MA', 2115);
INSERT INTO `location` (`id`, `capacity`, `building`, `room_num`, `address`, `city`, `state`, `zip_code`) VALUES (12, 54, 'Hurtig Hall', 91914820, '360 Huntington Avenue Boston MA 02115', 'Boston', 'MA', 2115);
INSERT INTO `location` (`id`, `capacity`, `building`, `room_num`, `address`, `city`, `state`, `zip_code`) VALUES (13, 79, 'Krentzman Quadrangle', 221970443, '360 Huntington Avenue Boston MA 02115', 'Boston', 'MA', 2115);
INSERT INTO `location` (`id`, `capacity`, `building`, `room_num`, `address`, `city`, `state`, `zip_code`) VALUES (14, 29, 'Speare Hall', 221982156, '360 Huntington Avenue Boston MA 02115', 'Boston', 'MA', 2115);
INSERT INTO `location` (`id`, `capacity`, `building`, `room_num`, `address`, `city`, `state`, `zip_code`) VALUES (15, 43, 'Matthews Arena', 103103574, '360 Huntington Avenue Boston MA 02115', 'Boston', 'MA', 2115);
INSERT INTO `location` (`id`, `capacity`, `building`, `room_num`, `address`, `city`, `state`, `zip_code`) VALUES (16, 25, 'Kariotis Hall', 72406771, '360 Huntington Avenue Boston MA 02115', 'Boston', 'MA', 2115);
INSERT INTO `location` (`id`, `capacity`, `building`, `room_num`, `address`, `city`, `state`, `zip_code`) VALUES (17, 43, 'Speare Hall', 271071004, '360 Huntington Avenue Boston MA 02115', 'Boston', 'MA', 2115);
INSERT INTO `location` (`id`, `capacity`, `building`, `room_num`, `address`, `city`, `state`, `zip_code`) VALUES (18, 36, 'White Hall', 107001520, '360 Huntington Avenue Boston MA 02115', 'Boston', 'MA', 2115);
INSERT INTO `location` (`id`, `capacity`, `building`, `room_num`, `address`, `city`, `state`, `zip_code`) VALUES (19, 55, 'Centennial Common', 21301678, '360 Huntington Avenue Boston MA 02115', 'Boston', 'MA', 2115);
INSERT INTO `location` (`id`, `capacity`, `building`, `room_num`, `address`, `city`, `state`, `zip_code`) VALUES (20, 34, 'Stetson East', 104900048, '360 Huntington Avenue Boston MA 02115', 'Boston', 'MA', 2115);
INSERT INTO `location` (`id`, `capacity`, `building`, `room_num`, `address`, `city`, `state`, `zip_code`) VALUES (21, 12, 'Meserve Hall', 21902352, '360 Huntington Avenue Boston MA 02115', 'Boston', 'MA', 2115);
INSERT INTO `location` (`id`, `capacity`, `building`, `room_num`, `address`, `city`, `state`, `zip_code`) VALUES (22, 7, 'West Village C', 92901078, '360 Huntington Avenue Boston MA 02115', 'Boston', 'MA', 2115);
INSERT INTO `location` (`id`, `capacity`, `building`, `room_num`, `address`, `city`, `state`, `zip_code`) VALUES (23, 11, 'Mugar Life Sciences Building', 75000734, '360 Huntington Avenue Boston MA 02115', 'Boston', 'MA', 2115);
INSERT INTO `location` (`id`, `capacity`, `building`, `room_num`, `address`, `city`, `state`, `zip_code`) VALUES (24, 63, 'Curry Student Center', 75912165, '360 Huntington Avenue Boston MA 02115', 'Boston', 'MA', 2115);
INSERT INTO `location` (`id`, `capacity`, `building`, `room_num`, `address`, `city`, `state`, `zip_code`) VALUES (25, 9, 'Cabot Physical Education Center', 62202956, '360 Huntington Avenue Boston MA 02115', 'Boston', 'MA', 2115);
INSERT INTO `location` (`id`, `capacity`, `building`, `room_num`, `address`, `city`, `state`, `zip_code`) VALUES (26, 24, 'Cabot Physical Education Center', 111904192, '360 Huntington Avenue Boston MA 02115', 'Boston', 'MA', 2115);
INSERT INTO `location` (`id`, `capacity`, `building`, `room_num`, `address`, `city`, `state`, `zip_code`) VALUES (27, 22, 'Mugar Life Sciences Building', 41204726, '360 Huntington Avenue Boston MA 02115', 'Boston', 'MA', 2115);
INSERT INTO `location` (`id`, `capacity`, `building`, `room_num`, `address`, `city`, `state`, `zip_code`) VALUES (28, 54, 'Ryder Hall', 113123654, '360 Huntington Avenue Boston MA 02115', 'Boston', 'MA', 2115);
INSERT INTO `location` (`id`, `capacity`, `building`, `room_num`, `address`, `city`, `state`, `zip_code`) VALUES (29, 79, 'Churchill Hall', 71904478, '360 Huntington Avenue Boston MA 02115', 'Boston', 'MA', 2115);
INSERT INTO `location` (`id`, `capacity`, `building`, `room_num`, `address`, `city`, `state`, `zip_code`) VALUES (30, 48, 'Krentzman Quadrangle', 101000789, '360 Huntington Avenue Boston MA 02115', 'Boston', 'MA', 2115);
INSERT INTO `location` (`id`, `capacity`, `building`, `room_num`, `address`, `city`, `state`, `zip_code`) VALUES (31, 10, 'Dodge Hall', 122243664, '360 Huntington Avenue Boston MA 02115', 'Boston', 'MA', 2115);
INSERT INTO `location` (`id`, `capacity`, `building`, `room_num`, `address`, `city`, `state`, `zip_code`) VALUES (32, 98, 'Kariotis Hall', 63200407, '360 Huntington Avenue Boston MA 02115', 'Boston', 'MA', 2115);
INSERT INTO `location` (`id`, `capacity`, `building`, `room_num`, `address`, `city`, `state`, `zip_code`) VALUES (33, 54, 'White Hall', 72404841, '360 Huntington Avenue Boston MA 02115', 'Boston', 'MA', 2115);
INSERT INTO `location` (`id`, `capacity`, `building`, `room_num`, `address`, `city`, `state`, `zip_code`) VALUES (34, 48, 'Holmes Hall', 65301566, '360 Huntington Avenue Boston MA 02115', 'Boston', 'MA', 2115);
INSERT INTO `location` (`id`, `capacity`, `building`, `room_num`, `address`, `city`, `state`, `zip_code`) VALUES (35, 37, 'Hurtig Hall', 111912252, '360 Huntington Avenue Boston MA 02115', 'Boston', 'MA', 2115);
INSERT INTO `location` (`id`, `capacity`, `building`, `room_num`, `address`, `city`, `state`, `zip_code`) VALUES (36, 48, 'Shillman Hall', 21201639, '360 Huntington Avenue Boston MA 02115', 'Boston', 'MA', 2115);
INSERT INTO `location` (`id`, `capacity`, `building`, `room_num`, `address`, `city`, `state`, `zip_code`) VALUES (37, 4, 'International Village', 111914302, '360 Huntington Avenue Boston MA 02115', 'Boston', 'MA', 2115);
INSERT INTO `location` (`id`, `capacity`, `building`, `room_num`, `address`, `city`, `state`, `zip_code`) VALUES (38, 62, 'Dodge Hall', 84200981, '360 Huntington Avenue Boston MA 02115', 'Boston', 'MA', 2115);
INSERT INTO `location` (`id`, `capacity`, `building`, `room_num`, `address`, `city`, `state`, `zip_code`) VALUES (39, 2, 'West Village A', 101014733, '360 Huntington Avenue Boston MA 02115', 'Boston', 'MA', 2115);
INSERT INTO `location` (`id`, `capacity`, `building`, `room_num`, `address`, `city`, `state`, `zip_code`) VALUES (40, 61, 'Matthews Arena', 67012882, '360 Huntington Avenue Boston MA 02115', 'Boston', 'MA', 2115);
INSERT INTO `location` (`id`, `capacity`, `building`, `room_num`, `address`, `city`, `state`, `zip_code`) VALUES (41, 65, 'Krentzman Quadrangle', 104112849, '360 Huntington Avenue Boston MA 02115', 'Boston', 'MA', 2115);
INSERT INTO `location` (`id`, `capacity`, `building`, `room_num`, `address`, `city`, `state`, `zip_code`) VALUES (42, 26, 'Lake Hall', 211174136, '360 Huntington Avenue Boston MA 02115', 'Boston', 'MA', 2115);
INSERT INTO `location` (`id`, `capacity`, `building`, `room_num`, `address`, `city`, `state`, `zip_code`) VALUES (43, 93, 'Hayden Hall', 44115090, '360 Huntington Avenue Boston MA 02115', 'Boston', 'MA', 2115);
INSERT INTO `location` (`id`, `capacity`, `building`, `room_num`, `address`, `city`, `state`, `zip_code`) VALUES (44, 38, 'Forsyth Building', 26002626, '360 Huntington Avenue Boston MA 02115', 'Boston', 'MA', 2115);
INSERT INTO `location` (`id`, `capacity`, `building`, `room_num`, `address`, `city`, `state`, `zip_code`) VALUES (45, 5, 'Egan Research Center', 91902049, '360 Huntington Avenue Boston MA 02115', 'Boston', 'MA', 2115);
INSERT INTO `location` (`id`, `capacity`, `building`, `room_num`, `address`, `city`, `state`, `zip_code`) VALUES (46, 6, 'Kerr Hall', 122243596, '360 Huntington Avenue Boston MA 02115', 'Boston', 'MA', 2115);
INSERT INTO `location` (`id`, `capacity`, `building`, `room_num`, `address`, `city`, `state`, `zip_code`) VALUES (47, 7, 'Blackman Auditorium', 11302933, '360 Huntington Avenue Boston MA 02115', 'Boston', 'MA', 2115);
INSERT INTO `location` (`id`, `capacity`, `building`, `room_num`, `address`, `city`, `state`, `zip_code`) VALUES (48, 90, 'White Hall', 71922968, '360 Huntington Avenue Boston MA 02115', 'Boston', 'MA', 2115);
INSERT INTO `location` (`id`, `capacity`, `building`, `room_num`, `address`, `city`, `state`, `zip_code`) VALUES (49, 16, 'Blackman Auditorium', 21905977, '360 Huntington Avenue Boston MA 02115', 'Boston', 'MA', 2115);
INSERT INTO `location` (`id`, `capacity`, `building`, `room_num`, `address`, `city`, `state`, `zip_code`) VALUES (50, 90, 'Alumni Center at Columbus Place', 307072278, '360 Huntington Avenue Boston MA 02115', 'Boston', 'MA', 2115);
INSERT INTO `location` (`id`, `capacity`, `building`, `room_num`, `address`, `city`, `state`, `zip_code`) VALUES (51, 69, 'Snell Library', 21200575, '360 Huntington Avenue Boston MA 02115', 'Boston', 'MA', 2115);
INSERT INTO `location` (`id`, `capacity`, `building`, `room_num`, `address`, `city`, `state`, `zip_code`) VALUES (52, 20, 'Churchill Hall', 91215529, '360 Huntington Avenue Boston MA 02115', 'Boston', 'MA', 2115);
INSERT INTO `location` (`id`, `capacity`, `building`, `room_num`, `address`, `city`, `state`, `zip_code`) VALUES (53, 30, 'Robinson Hall', 121108250, '360 Huntington Avenue Boston MA 02115', 'Boston', 'MA', 2115);
INSERT INTO `location` (`id`, `capacity`, `building`, `room_num`, `address`, `city`, `state`, `zip_code`) VALUES (54, 33, 'Stetson East', 101107116, '360 Huntington Avenue Boston MA 02115', 'Boston', 'MA', 2115);
INSERT INTO `location` (`id`, `capacity`, `building`, `room_num`, `address`, `city`, `state`, `zip_code`) VALUES (55, 96, 'International Village', 31302955, '360 Huntington Avenue Boston MA 02115', 'Boston', 'MA', 2115);
INSERT INTO `location` (`id`, `capacity`, `building`, `room_num`, `address`, `city`, `state`, `zip_code`) VALUES (56, 28, 'Richards Hall', 102300336, '360 Huntington Avenue Boston MA 02115', 'Boston', 'MA', 2115);
INSERT INTO `location` (`id`, `capacity`, `building`, `room_num`, `address`, `city`, `state`, `zip_code`) VALUES (57, 2, 'Forsyth Building', 52100741, '360 Huntington Avenue Boston MA 02115', 'Boston', 'MA', 2115);
INSERT INTO `location` (`id`, `capacity`, `building`, `room_num`, `address`, `city`, `state`, `zip_code`) VALUES (58, 67, 'West Village F', 63114289, '360 Huntington Avenue Boston MA 02115', 'Boston', 'MA', 2115);
INSERT INTO `location` (`id`, `capacity`, `building`, `room_num`, `address`, `city`, `state`, `zip_code`) VALUES (59, 56, 'West Village F', 107004695, '360 Huntington Avenue Boston MA 02115', 'Boston', 'MA', 2115);
INSERT INTO `location` (`id`, `capacity`, `building`, `room_num`, `address`, `city`, `state`, `zip_code`) VALUES (60, 12, 'Marino Recreation Center', 211871691, '360 Huntington Avenue Boston MA 02115', 'Boston', 'MA', 2115);
INSERT INTO `location` (`id`, `capacity`, `building`, `room_num`, `address`, `city`, `state`, `zip_code`) VALUES (61, 28, 'Shillman Hall', 53208066, '360 Huntington Avenue Boston MA 02115', 'Boston', 'MA', 2115);
INSERT INTO `location` (`id`, `capacity`, `building`, `room_num`, `address`, `city`, `state`, `zip_code`) VALUES (62, 2, 'Holmes Hall', 83900619, '360 Huntington Avenue Boston MA 02115', 'Boston', 'MA', 2115);
INSERT INTO `location` (`id`, `capacity`, `building`, `room_num`, `address`, `city`, `state`, `zip_code`) VALUES (63, 72, 'Mugar Life Sciences Building', 111912605, '360 Huntington Avenue Boston MA 02115', 'Boston', 'MA', 2115);
INSERT INTO `location` (`id`, `capacity`, `building`, `room_num`, `address`, `city`, `state`, `zip_code`) VALUES (64, 97, 'EXP', 242272269, '360 Huntington Avenue Boston MA 02115', 'Boston', 'MA', 2115);
INSERT INTO `location` (`id`, `capacity`, `building`, `room_num`, `address`, `city`, `state`, `zip_code`) VALUES (65, 75, 'Snell Engineering Center', 265371082, '360 Huntington Avenue Boston MA 02115', 'Boston', 'MA', 2115);
INSERT INTO `location` (`id`, `capacity`, `building`, `room_num`, `address`, `city`, `state`, `zip_code`) VALUES (66, 57, 'Curry Student Center', 91215529, '360 Huntington Avenue Boston MA 02115', 'Boston', 'MA', 2115);
INSERT INTO `location` (`id`, `capacity`, `building`, `room_num`, `address`, `city`, `state`, `zip_code`) VALUES (67, 54, 'Stetson West', 122240942, '360 Huntington Avenue Boston MA 02115', 'Boston', 'MA', 2115);
INSERT INTO `location` (`id`, `capacity`, `building`, `room_num`, `address`, `city`, `state`, `zip_code`) VALUES (68, 10, 'Hurtig Hall', 111908758, '360 Huntington Avenue Boston MA 02115', 'Boston', 'MA', 2115);
INSERT INTO `location` (`id`, `capacity`, `building`, `room_num`, `address`, `city`, `state`, `zip_code`) VALUES (69, 56, 'Matthews Arena', 264071590, '360 Huntington Avenue Boston MA 02115', 'Boston', 'MA', 2115);
INSERT INTO `location` (`id`, `capacity`, `building`, `room_num`, `address`, `city`, `state`, `zip_code`) VALUES (70, 70, 'East Village', 72400353, '360 Huntington Avenue Boston MA 02115', 'Boston', 'MA', 2115);
INSERT INTO `location` (`id`, `capacity`, `building`, `room_num`, `address`, `city`, `state`, `zip_code`) VALUES (71, 9, 'Speare Hall', 62102098, '360 Huntington Avenue Boston MA 02115', 'Boston', 'MA', 2115);
INSERT INTO `location` (`id`, `capacity`, `building`, `room_num`, `address`, `city`, `state`, `zip_code`) VALUES (72, 74, 'Centennial Common', 62201533, '360 Huntington Avenue Boston MA 02115', 'Boston', 'MA', 2115);
INSERT INTO `location` (`id`, `capacity`, `building`, `room_num`, `address`, `city`, `state`, `zip_code`) VALUES (73, 16, 'Kariotis Hall', 67016341, '360 Huntington Avenue Boston MA 02115', 'Boston', 'MA', 2115);
INSERT INTO `location` (`id`, `capacity`, `building`, `room_num`, `address`, `city`, `state`, `zip_code`) VALUES (74, 11, 'East Village', 56008852, '360 Huntington Avenue Boston MA 02115', 'Boston', 'MA', 2115);
INSERT INTO `location` (`id`, `capacity`, `building`, `room_num`, `address`, `city`, `state`, `zip_code`) VALUES (75, 1, 'Stetson East', 21410695, '360 Huntington Avenue Boston MA 02115', 'Boston', 'MA', 2115);
INSERT INTO `location` (`id`, `capacity`, `building`, `room_num`, `address`, `city`, `state`, `zip_code`) VALUES (76, 53, 'West Village B', 101104096, '360 Huntington Avenue Boston MA 02115', 'Boston', 'MA', 2115);
INSERT INTO `location` (`id`, `capacity`, `building`, `room_num`, `address`, `city`, `state`, `zip_code`) VALUES (77, 53, 'Cargill Hall', 53112709, '360 Huntington Avenue Boston MA 02115', 'Boston', 'MA', 2115);
INSERT INTO `location` (`id`, `capacity`, `building`, `room_num`, `address`, `city`, `state`, `zip_code`) VALUES (78, 1, 'White Hall', 53112055, '360 Huntington Avenue Boston MA 02115', 'Boston', 'MA', 2115);
INSERT INTO `location` (`id`, `capacity`, `building`, `room_num`, `address`, `city`, `state`, `zip_code`) VALUES (79, 43, 'Cabot Physical Education Center', 53112152, '360 Huntington Avenue Boston MA 02115', 'Boston', 'MA', 2115);
INSERT INTO `location` (`id`, `capacity`, `building`, `room_num`, `address`, `city`, `state`, `zip_code`) VALUES (80, 45, 'Behrakis Health Sciences Center', 111906271, '360 Huntington Avenue Boston MA 02115', 'Boston', 'MA', 2115);
INSERT INTO `location` (`id`, `capacity`, `building`, `room_num`, `address`, `city`, `state`, `zip_code`) VALUES (81, 49, 'Curry Student Center', 92902404, '360 Huntington Avenue Boston MA 02115', 'Boston', 'MA', 2115);
INSERT INTO `location` (`id`, `capacity`, `building`, `room_num`, `address`, `city`, `state`, `zip_code`) VALUES (82, 55, 'Dockser Hall', 103104489, '360 Huntington Avenue Boston MA 02115', 'Boston', 'MA', 2115);
INSERT INTO `location` (`id`, `capacity`, `building`, `room_num`, `address`, `city`, `state`, `zip_code`) VALUES (83, 74, 'East Village', 101204022, '360 Huntington Avenue Boston MA 02115', 'Boston', 'MA', 2115);
INSERT INTO `location` (`id`, `capacity`, `building`, `room_num`, `address`, `city`, `state`, `zip_code`) VALUES (84, 92, 'Stetson West', 75903226, '360 Huntington Avenue Boston MA 02115', 'Boston', 'MA', 2115);
INSERT INTO `location` (`id`, `capacity`, `building`, `room_num`, `address`, `city`, `state`, `zip_code`) VALUES (85, 59, 'West Village B', 75902625, '360 Huntington Avenue Boston MA 02115', 'Boston', 'MA', 2115);
INSERT INTO `location` (`id`, `capacity`, `building`, `room_num`, `address`, `city`, `state`, `zip_code`) VALUES (86, 63, 'Egan Research Center', 62000019, '360 Huntington Avenue Boston MA 02115', 'Boston', 'MA', 2115);
INSERT INTO `location` (`id`, `capacity`, `building`, `room_num`, `address`, `city`, `state`, `zip_code`) VALUES (87, 74, 'East Village', 113024520, '360 Huntington Avenue Boston MA 02115', 'Boston', 'MA', 2115);
INSERT INTO `location` (`id`, `capacity`, `building`, `room_num`, `address`, `city`, `state`, `zip_code`) VALUES (88, 22, 'Blackman Auditorium', 123305378, '360 Huntington Avenue Boston MA 02115', 'Boston', 'MA', 2115);
INSERT INTO `location` (`id`, `capacity`, `building`, `room_num`, `address`, `city`, `state`, `zip_code`) VALUES (89, 51, 'Hayden Hall', 121141288, '360 Huntington Avenue Boston MA 02115', 'Boston', 'MA', 2115);
INSERT INTO `location` (`id`, `capacity`, `building`, `room_num`, `address`, `city`, `state`, `zip_code`) VALUES (90, 39, 'Snell Library', 91204569, '360 Huntington Avenue Boston MA 02115', 'Boston', 'MA', 2115);
INSERT INTO `location` (`id`, `capacity`, `building`, `room_num`, `address`, `city`, `state`, `zip_code`) VALUES (91, 29, 'Cabot Physical Education Center', 65302196, '360 Huntington Avenue Boston MA 02115', 'Boston', 'MA', 2115);
INSERT INTO `location` (`id`, `capacity`, `building`, `room_num`, `address`, `city`, `state`, `zip_code`) VALUES (92, 76, 'Meserve Hall', 102107474, '360 Huntington Avenue Boston MA 02115', 'Boston', 'MA', 2115);
INSERT INTO `location` (`id`, `capacity`, `building`, `room_num`, `address`, `city`, `state`, `zip_code`) VALUES (93, 28, 'Hayden Hall', 31100267, '360 Huntington Avenue Boston MA 02115', 'Boston', 'MA', 2115);
INSERT INTO `location` (`id`, `capacity`, `building`, `room_num`, `address`, `city`, `state`, `zip_code`) VALUES (94, 51, 'West Village G', 91304634, '360 Huntington Avenue Boston MA 02115', 'Boston', 'MA', 2115);
INSERT INTO `location` (`id`, `capacity`, `building`, `room_num`, `address`, `city`, `state`, `zip_code`) VALUES (95, 31, 'Ryder Hall', 31317021, '360 Huntington Avenue Boston MA 02115', 'Boston', 'MA', 2115);
INSERT INTO `location` (`id`, `capacity`, `building`, `room_num`, `address`, `city`, `state`, `zip_code`) VALUES (96, 54, 'Cargill Hall', 43317679, '360 Huntington Avenue Boston MA 02115', 'Boston', 'MA', 2115);
INSERT INTO `location` (`id`, `capacity`, `building`, `room_num`, `address`, `city`, `state`, `zip_code`) VALUES (97, 14, 'Hurtig Hall', 71106250, '360 Huntington Avenue Boston MA 02115', 'Boston', 'MA', 2115);
INSERT INTO `location` (`id`, `capacity`, `building`, `room_num`, `address`, `city`, `state`, `zip_code`) VALUES (98, 75, 'Lake Hall', 271975951, '360 Huntington Avenue Boston MA 02115', 'Boston', 'MA', 2115);
INSERT INTO `location` (`id`, `capacity`, `building`, `room_num`, `address`, `city`, `state`, `zip_code`) VALUES (99, 77, 'West Village C', 21913655, '360 Huntington Avenue Boston MA 02115', 'Boston', 'MA', 2115);
INSERT INTO `location` (`id`, `capacity`, `building`, `room_num`, `address`, `city`, `state`, `zip_code`) VALUES (100, 46, 'Interdisciplinary Science and Engineering Complex (ISEC)', 101101921, '360 Huntington Avenue Boston MA 02115', 'Boston', 'MA', 2115);

# for event table

INSERT INTO `event` (`id`, `name`, `start_date`, `end_date`, `location_id`, `club_id`) VALUES (1, "Northeastern Model UN Conference", "2023-06-06", "2025-01-09", 9, 10);
INSERT INTO `event` (`id`, `name`, `start_date`, `end_date`, `location_id`, `club_id`) VALUES (2, "Relay For Life", "2023-05-09", "2024-08-20", 99, 68);
INSERT INTO `event` (`id`, `name`, `start_date`, `end_date`, `location_id`, `club_id`) VALUES (3, "Lunar New Year Celebration", "2023-11-10", "2024-10-14", 89, 83);
INSERT INTO `event` (`id`, `name`, `start_date`, `end_date`, `location_id`, `club_id`) VALUES (4, "TechTogether Boston", "2023-06-04", "2024-04-25", 96, 34);
INSERT INTO `event` (`id`, `name`, `start_date`, `end_date`, `location_id`, `club_id`) VALUES (5, "Relay For Life", "2023-07-18", "2024-07-09", 42, 19);
INSERT INTO `event` (`id`, `name`, `start_date`, `end_date`, `location_id`, `club_id`) VALUES (6, "Husky Startup Challenge", "2023-04-04", "2024-11-19", 97, 62);
INSERT INTO `event` (`id`, `name`, `start_date`, `end_date`, `location_id`, `club_id`) VALUES (7, "Spring Carnival", "2023-04-24", "2024-09-13", 12, 25);
INSERT INTO `event` (`id`, `name`, `start_date`, `end_date`, `location_id`, `club_id`) VALUES (8, "Homecoming", "2024-01-22", "2025-02-05", 65, 98);
INSERT INTO `event` (`id`, `name`, `start_date`, `end_date`, `location_id`, `club_id`) VALUES (9, "Ice Skating at Matthews Arena", "2024-03-05", "2025-01-09", 85, 17);
INSERT INTO `event` (`id`, `name`, `start_date`, `end_date`, `location_id`, `club_id`) VALUES (10, "Undergraduate Research Symposium", "2023-12-11", "2024-12-07", 29, 85);
INSERT INTO `event` (`id`, `name`, `start_date`, `end_date`, `location_id`, `club_id`) VALUES (11, "Mental Health Awareness Week", "2023-08-08", "2024-10-26", 39, 94);
INSERT INTO `event` (`id`, `name`, `start_date`, `end_date`, `location_id`, `club_id`) VALUES (12, "International Education Week", "2023-11-26", "2024-05-21", 11, 69);
INSERT INTO `event` (`id`, `name`, `start_date`, `end_date`, `location_id`, `club_id`) VALUES (13, "Career Fair", "2023-08-20", "2024-09-26", 1, 9);
INSERT INTO `event` (`id`, `name`, `start_date`, `end_date`, `location_id`, `club_id`) VALUES (14, "Mental Health Awareness Week", "2023-12-03", "2024-05-17", 16, 21);
INSERT INTO `event` (`id`, `name`, `start_date`, `end_date`, `location_id`, `club_id`) VALUES (15, "MLK Day of Service", "2023-11-20", "2025-02-11", 49, 80);
INSERT INTO `event` (`id`, `name`, `start_date`, `end_date`, `location_id`, `club_id`) VALUES (16, "Fall Fest", "2023-10-09", "2024-12-31", 20, 32);
INSERT INTO `event` (`id`, `name`, `start_date`, `end_date`, `location_id`, `club_id`) VALUES (17, "Husky Hunt", "2023-12-10", "2025-02-02", 35, 46);
INSERT INTO `event` (`id`, `name`, `start_date`, `end_date`, `location_id`, `club_id`) VALUES (18, "Spring Carnival", "2023-11-27", "2024-12-27", 76, 40);
INSERT INTO `event` (`id`, `name`, `start_date`, `end_date`, `location_id`, `club_id`) VALUES (19, "Mental Health Awareness Week", "2024-03-27", "2024-04-09", 17, 12);
INSERT INTO `event` (`id`, `name`, `start_date`, `end_date`, `location_id`, `club_id`) VALUES (20, "Latinx Heritage Month", "2023-04-20", "2025-03-26", 77, 18);
INSERT INTO `event` (`id`, `name`, `start_date`, `end_date`, `location_id`, `club_id`) VALUES (21, "Spring Carnival", "2023-06-17", "2025-01-03", 72, 13);
INSERT INTO `event` (`id`, `name`, `start_date`, `end_date`, `location_id`, `club_id`) VALUES (22, "Husky Startup Challenge", "2023-07-01", "2024-07-05", 23, 4);
INSERT INTO `event` (`id`, `name`, `start_date`, `end_date`, `location_id`, `club_id`) VALUES (23, "Winter Involvement Fair", "2024-02-19", "2025-02-12", 82, 73);
INSERT INTO `event` (`id`, `name`, `start_date`, `end_date`, `location_id`, `club_id`) VALUES (24, "Asian American Heritage Month", "2023-04-07", "2024-06-22", 31, 43);
INSERT INTO `event` (`id`, `name`, `start_date`, `end_date`, `location_id`, `club_id`) VALUES (25, "HackNU", "2024-02-26", "2024-06-14", 8, 96);
INSERT INTO `event` (`id`, `name`, `start_date`, `end_date`, `location_id`, `club_id`) VALUES (26, "MLK Day of Service", "2024-02-19", "2025-03-21", 3, 61);
INSERT INTO `event` (`id`, `name`, `start_date`, `end_date`, `location_id`, `club_id`) VALUES (27, "Sustainability Week", "2023-12-06", "2024-12-04", 30, 70);
INSERT INTO `event` (`id`, `name`, `start_date`, `end_date`, `location_id`, `club_id`) VALUES (28, "Husky Hunt", "2023-04-30", "2024-07-10", 13, 86);
INSERT INTO `event` (`id`, `name`, `start_date`, `end_date`, `location_id`, `club_id`) VALUES (29, "Northeastern Model UN Conference", "2023-06-16", "2024-06-13", 94, 54);
INSERT INTO `event` (`id`, `name`, `start_date`, `end_date`, `location_id`, `club_id`) VALUES (30, "Open Mic Night", "2023-10-19", "2024-10-20", 95, 81);
INSERT INTO `event` (`id`, `name`, `start_date`, `end_date`, `location_id`, `club_id`) VALUES (31, "Welcome Week", "2023-12-19", "2025-02-11", 56, 60);
INSERT INTO `event` (`id`, `name`, `start_date`, `end_date`, `location_id`, `club_id`) VALUES (32, "HackNU", "2023-08-06", "2025-01-04", 18, 87);
INSERT INTO `event` (`id`, `name`, `start_date`, `end_date`, `location_id`, `club_id`) VALUES (33, "Entrepreneurship Week", "2023-09-15", "2024-09-16", 64, 39);
INSERT INTO `event` (`id`, `name`, `start_date`, `end_date`, `location_id`, `club_id`) VALUES (34, "Pride Fest", "2023-12-05", "2024-06-22", 34, 29);
INSERT INTO `event` (`id`, `name`, `start_date`, `end_date`, `location_id`, `club_id`) VALUES (35, "Red and Black Gala", "2024-02-15", "2024-06-27", 4, 3);
INSERT INTO `event` (`id`, `name`, `start_date`, `end_date`, `location_id`, `club_id`) VALUES (36, "Husky Hunt", "2023-11-21", "2024-05-11", 59, 71);
INSERT INTO `event` (`id`, `name`, `start_date`, `end_date`, `location_id`, `club_id`) VALUES (37, "Spring Fest", "2024-01-12", "2024-05-05", 92, 20);
INSERT INTO `event` (`id`, `name`, `start_date`, `end_date`, `location_id`, `club_id`) VALUES (38, "Husky Hunt", "2023-05-08", "2024-10-06", 36, 78);
INSERT INTO `event` (`id`, `name`, `start_date`, `end_date`, `location_id`, `club_id`) VALUES (39, "Asian American Heritage Month", "2024-03-08", "2024-06-28", 33, 84);
INSERT INTO `event` (`id`, `name`, `start_date`, `end_date`, `location_id`, `club_id`) VALUES (40, "Open Mic Night", "2023-09-22", "2024-08-07", 100, 8);
INSERT INTO `event` (`id`, `name`, `start_date`, `end_date`, `location_id`, `club_id`) VALUES (41, "Midnight Breakfast", "2023-05-30", "2024-11-01", 24, 82);
INSERT INTO `event` (`id`, `name`, `start_date`, `end_date`, `location_id`, `club_id`) VALUES (42, "Northeastern Model UN Conference", "2023-12-18", "2024-11-15", 68, 53);
INSERT INTO `event` (`id`, `name`, `start_date`, `end_date`, `location_id`, `club_id`) VALUES (43, "Black History Month Celebration", "2023-12-01", "2024-08-19", 28, 97);
INSERT INTO `event` (`id`, `name`, `start_date`, `end_date`, `location_id`, `club_id`) VALUES (44, "Red and Black Gala", "2023-11-13", "2024-07-02", 93, 79);
INSERT INTO `event` (`id`, `name`, `start_date`, `end_date`, `location_id`, `club_id`) VALUES (45, "Black History Month Celebration", "2023-11-27", "2024-07-07", 86, 59);
INSERT INTO `event` (`id`, `name`, `start_date`, `end_date`, `location_id`, `club_id`) VALUES (46, "Husky Hunt", "2024-01-17", "2024-12-03", 73, 35);
INSERT INTO `event` (`id`, `name`, `start_date`, `end_date`, `location_id`, `club_id`) VALUES (47, "Black History Month Celebration", "2023-11-22", "2025-03-18", 98, 91);
INSERT INTO `event` (`id`, `name`, `start_date`, `end_date`, `location_id`, `club_id`) VALUES (48, "Asian American Heritage Month", "2023-08-15", "2024-06-27", 57, 92);
INSERT INTO `event` (`id`, `name`, `start_date`, `end_date`, `location_id`, `club_id`) VALUES (49, "Homecoming", "2023-11-04", "2024-09-19", 91, 28);
INSERT INTO `event` (`id`, `name`, `start_date`, `end_date`, `location_id`, `club_id`) VALUES (50, "International Student Mixer", "2023-05-29", "2025-01-19", 67, 52);
INSERT INTO `event` (`id`, `name`, `start_date`, `end_date`, `location_id`, `club_id`) VALUES (51, "Homecoming", "2023-09-16", "2024-08-10", 79, 67);
INSERT INTO `event` (`id`, `name`, `start_date`, `end_date`, `location_id`, `club_id`) VALUES (52, "Relay For Life", "2024-03-07", "2025-01-15", 78, 2);
INSERT INTO `event` (`id`, `name`, `start_date`, `end_date`, `location_id`, `club_id`) VALUES (53, "Career Fair", "2023-12-19", "2024-05-18", 19, 47);
INSERT INTO `event` (`id`, `name`, `start_date`, `end_date`, `location_id`, `club_id`) VALUES (54, "Spring Carnival", "2023-10-09", "2024-11-09", 51, 37);
INSERT INTO `event` (`id`, `name`, `start_date`, `end_date`, `location_id`, `club_id`) VALUES (55, "International Student Mixer", "2023-07-31", "2024-11-28", 5, 22);
INSERT INTO `event` (`id`, `name`, `start_date`, `end_date`, `location_id`, `club_id`) VALUES (56, "Asian American Heritage Month", "2023-04-01", "2024-05-28", 88, 76);
INSERT INTO `event` (`id`, `name`, `start_date`, `end_date`, `location_id`, `club_id`) VALUES (57, "Mental Health Awareness Week", "2024-03-27", "2024-11-24", 60, 88);
INSERT INTO `event` (`id`, `name`, `start_date`, `end_date`, `location_id`, `club_id`) VALUES (58, "Black History Month Celebration", "2023-06-01", "2025-01-13", 25, 89);
INSERT INTO `event` (`id`, `name`, `start_date`, `end_date`, `location_id`, `club_id`) VALUES (59, "International Student Mixer", "2023-11-14", "2024-10-09", 32, 24);
INSERT INTO `event` (`id`, `name`, `start_date`, `end_date`, `location_id`, `club_id`) VALUES (60, "Red and Black Gala", "2024-02-09", "2025-02-15", 54, 44);
INSERT INTO `event` (`id`, `name`, `start_date`, `end_date`, `location_id`, `club_id`) VALUES (61, "Red and Black Gala", "2023-04-11", "2025-02-27", 15, 11);
INSERT INTO `event` (`id`, `name`, `start_date`, `end_date`, `location_id`, `club_id`) VALUES (62, "Pride Fest", "2024-01-28", "2024-04-11", 83, 99);
INSERT INTO `event` (`id`, `name`, `start_date`, `end_date`, `location_id`, `club_id`) VALUES (63, "Spring Fest", "2023-10-21", "2025-03-30", 38, 36);
INSERT INTO `event` (`id`, `name`, `start_date`, `end_date`, `location_id`, `club_id`) VALUES (64, "Global Citizenship Week", "2023-09-18", "2024-06-27", 66, 26);
INSERT INTO `event` (`id`, `name`, `start_date`, `end_date`, `location_id`, `club_id`) VALUES (65, "Winter Involvement Fair", "2023-04-20", "2024-05-12", 87, 7);
INSERT INTO `event` (`id`, `name`, `start_date`, `end_date`, `location_id`, `club_id`) VALUES (66, "MLK Day of Service", "2023-11-30", "2024-12-20", 2, 57);
INSERT INTO `event` (`id`, `name`, `start_date`, `end_date`, `location_id`, `club_id`) VALUES (67, "Red and Black Gala", "2023-04-13", "2025-03-18", 63, 74);
INSERT INTO `event` (`id`, `name`, `start_date`, `end_date`, `location_id`, `club_id`) VALUES (68, "International Student Mixer", "2023-04-09", "2024-04-04", 58, 55);
INSERT INTO `event` (`id`, `name`, `start_date`, `end_date`, `location_id`, `club_id`) VALUES (69, "Husky Startup Challenge", "2023-11-02", "2025-01-18", 48, 45);
INSERT INTO `event` (`id`, `name`, `start_date`, `end_date`, `location_id`, `club_id`) VALUES (70, "HackNU", "2023-07-19", "2024-12-16", 45, 41);
INSERT INTO `event` (`id`, `name`, `start_date`, `end_date`, `location_id`, `club_id`) VALUES (71, "Research and Innovation Expo", "2023-08-13", "2024-05-20", 75, 51);
INSERT INTO `event` (`id`, `name`, `start_date`, `end_date`, `location_id`, `club_id`) VALUES (72, "Women’s History Month Events", "2024-01-27", "2024-06-02", 7, 56);
INSERT INTO `event` (`id`, `name`, `start_date`, `end_date`, `location_id`, `club_id`) VALUES (73, "Ice Skating at Matthews Arena", "2024-02-18", "2025-02-05", 90, 15);
INSERT INTO `event` (`id`, `name`, `start_date`, `end_date`, `location_id`, `club_id`) VALUES (74, "Sustainability Week", "2023-09-14", "2024-09-08", 81, 95);
INSERT INTO `event` (`id`, `name`, `start_date`, `end_date`, `location_id`, `club_id`) VALUES (75, "Relay For Life", "2023-04-06", "2025-03-14", 22, 23);
INSERT INTO `event` (`id`, `name`, `start_date`, `end_date`, `location_id`, `club_id`) VALUES (76, "Relay For Life", "2023-09-02", "2024-10-12", 84, 93);
INSERT INTO `event` (`id`, `name`, `start_date`, `end_date`, `location_id`, `club_id`) VALUES (77, "MLK Day of Service", "2024-02-05", "2024-06-19", 55, 65);
INSERT INTO `event` (`id`, `name`, `start_date`, `end_date`, `location_id`, `club_id`) VALUES (78, "Dance Showcase", "2023-08-23", "2024-08-13", 74, 38);
INSERT INTO `event` (`id`, `name`, `start_date`, `end_date`, `location_id`, `club_id`) VALUES (79, "MLK Day of Service", "2023-08-24", "2024-12-04", 47, 63);
INSERT INTO `event` (`id`, `name`, `start_date`, `end_date`, `location_id`, `club_id`) VALUES (80, "Student Leadership Awards", "2023-10-09", "2024-08-15", 61, 30);
INSERT INTO `event` (`id`, `name`, `start_date`, `end_date`, `location_id`, `club_id`) VALUES (81, "Global Citizenship Week", "2023-08-16", "2024-04-16", 71, 27);
INSERT INTO `event` (`id`, `name`, `start_date`, `end_date`, `location_id`, `club_id`) VALUES (82, "Relay For Life", "2023-04-29", "2024-12-30", 46, 77);
INSERT INTO `event` (`id`, `name`, `start_date`, `end_date`, `location_id`, `club_id`) VALUES (83, "Spring Carnival", "2023-09-03", "2024-08-28", 21, 33);
INSERT INTO `event` (`id`, `name`, `start_date`, `end_date`, `location_id`, `club_id`) VALUES (84, "Spring Carnival", "2023-12-30", "2024-04-17", 10, 90);
INSERT INTO `event` (`id`, `name`, `start_date`, `end_date`, `location_id`, `club_id`) VALUES (85, "International Student Mixer", "2023-04-01", "2024-12-31", 26, 58);
INSERT INTO `event` (`id`, `name`, `start_date`, `end_date`, `location_id`, `club_id`) VALUES (86, "Relay For Life", "2023-10-10", "2024-10-23", 27, 100);
INSERT INTO `event` (`id`, `name`, `start_date`, `end_date`, `location_id`, `club_id`) VALUES (87, "Student Leadership Awards", "2024-02-01", "2024-05-24", 69, 72);
INSERT INTO `event` (`id`, `name`, `start_date`, `end_date`, `location_id`, `club_id`) VALUES (88, "HackNU", "2023-09-05", "2025-03-19", 37, 16);
INSERT INTO `event` (`id`, `name`, `start_date`, `end_date`, `location_id`, `club_id`) VALUES (89, "Latinx Heritage Month", "2023-09-24", "2024-06-26", 43, 50);
INSERT INTO `event` (`id`, `name`, `start_date`, `end_date`, `location_id`, `club_id`) VALUES (90, "Welcome Week", "2023-06-06", "2024-11-03", 44, 48);
INSERT INTO `event` (`id`, `name`, `start_date`, `end_date`, `location_id`, `club_id`) VALUES (91, "Ice Skating at Matthews Arena", "2023-09-30", "2024-06-16", 50, 5);
INSERT INTO `event` (`id`, `name`, `start_date`, `end_date`, `location_id`, `club_id`) VALUES (92, "Husky Startup Challenge", "2023-08-05", "2024-09-21", 52, 14);
INSERT INTO `event` (`id`, `name`, `start_date`, `end_date`, `location_id`, `club_id`) VALUES (93, "Global Citizenship Week", "2024-01-14", "2024-05-07", 6, 64);
INSERT INTO `event` (`id`, `name`, `start_date`, `end_date`, `location_id`, `club_id`) VALUES (94, "NUGive Day", "2023-05-16", "2025-03-24", 41, 75);
INSERT INTO `event` (`id`, `name`, `start_date`, `end_date`, `location_id`, `club_id`) VALUES (95, "MLK Day of Service", "2023-12-23", "2024-04-03", 14, 6);
INSERT INTO `event` (`id`, `name`, `start_date`, `end_date`, `location_id`, `club_id`) VALUES (96, "Spring Fest", "2023-12-29", "2024-12-08", 80, 31);
INSERT INTO `event` (`id`, `name`, `start_date`, `end_date`, `location_id`, `club_id`) VALUES (97, "Spring Fest", "2024-02-21", "2025-01-27", 70, 49);
INSERT INTO `event` (`id`, `name`, `start_date`, `end_date`, `location_id`, `club_id`) VALUES (98, "Study Abroad Fair", "2023-05-17", "2024-12-21", 53, 66);
INSERT INTO `event` (`id`, `name`, `start_date`, `end_date`, `location_id`, `club_id`) VALUES (99, "Latinx Heritage Month", "2023-07-26", "2024-10-09", 40, 14);
INSERT INTO `event` (`id`, `name`, `start_date`, `end_date`, `location_id`, `club_id`) VALUES (100, "Career Fair", "2023-06-29", "2025-01-11", 62, 24);

# For student_event
INSERT INTO `student_event` (`event_id`, `NUID`, `when_rsvped`) VALUES ("1", "1", "2024-05-11");
INSERT INTO `student_event` (`event_id`, `NUID`, `when_rsvped`) VALUES ("2", "2", "2024-06-26");
INSERT INTO `student_event` (`event_id`, `NUID`, `when_rsvped`) VALUES ("3", "3", "2024-10-15");
INSERT INTO `student_event` (`event_id`, `NUID`, `when_rsvped`) VALUES ("4", "4", "2024-08-05");
INSERT INTO `student_event` (`event_id`, `NUID`, `when_rsvped`) VALUES ("5", "5", "2024-05-30");
INSERT INTO `student_event` (`event_id`, `NUID`, `when_rsvped`) VALUES ("6", "6", "2025-03-27");
INSERT INTO `student_event` (`event_id`, `NUID`, `when_rsvped`) VALUES ("7", "7", "2025-03-05");
INSERT INTO `student_event` (`event_id`, `NUID`, `when_rsvped`) VALUES ("8", "8", "2024-07-12");
INSERT INTO `student_event` (`event_id`, `NUID`, `when_rsvped`) VALUES ("9", "9", "2025-03-26");
INSERT INTO `student_event` (`event_id`, `NUID`, `when_rsvped`) VALUES ("10", "10", "2025-03-14");
INSERT INTO `student_event` (`event_id`, `NUID`, `when_rsvped`) VALUES ("11", "11", "2024-09-22");
INSERT INTO `student_event` (`event_id`, `NUID`, `when_rsvped`) VALUES ("12", "12", "2025-03-30");
INSERT INTO `student_event` (`event_id`, `NUID`, `when_rsvped`) VALUES ("13", "13", "2024-12-01");
INSERT INTO `student_event` (`event_id`, `NUID`, `when_rsvped`) VALUES ("14", "14", "2025-03-17");
INSERT INTO `student_event` (`event_id`, `NUID`, `when_rsvped`) VALUES ("15", "15", "2025-01-31");
INSERT INTO `student_event` (`event_id`, `NUID`, `when_rsvped`) VALUES ("16", "16", "2024-09-08");
INSERT INTO `student_event` (`event_id`, `NUID`, `when_rsvped`) VALUES ("17", "17", "2024-05-09");
INSERT INTO `student_event` (`event_id`, `NUID`, `when_rsvped`) VALUES ("18", "18", "2024-11-16");
INSERT INTO `student_event` (`event_id`, `NUID`, `when_rsvped`) VALUES ("19", "19", "2024-04-29");
INSERT INTO `student_event` (`event_id`, `NUID`, `when_rsvped`) VALUES ("20", "20", "2025-02-21");
INSERT INTO `student_event` (`event_id`, `NUID`, `when_rsvped`) VALUES ("21", "21", "2024-10-16");
INSERT INTO `student_event` (`event_id`, `NUID`, `when_rsvped`) VALUES ("22", "22", "2024-09-23");
INSERT INTO `student_event` (`event_id`, `NUID`, `when_rsvped`) VALUES ("23", "23", "2024-10-26");
INSERT INTO `student_event` (`event_id`, `NUID`, `when_rsvped`) VALUES ("24", "24", "2024-11-08");
INSERT INTO `student_event` (`event_id`, `NUID`, `when_rsvped`) VALUES ("25", "25", "2024-10-02");
INSERT INTO `student_event` (`event_id`, `NUID`, `when_rsvped`) VALUES ("26", "26", "2024-10-26");
INSERT INTO `student_event` (`event_id`, `NUID`, `when_rsvped`) VALUES ("27", "27", "2024-09-01");
INSERT INTO `student_event` (`event_id`, `NUID`, `when_rsvped`) VALUES ("28", "28", "2024-09-01");
INSERT INTO `student_event` (`event_id`, `NUID`, `when_rsvped`) VALUES ("29", "29", "2024-10-17");
INSERT INTO `student_event` (`event_id`, `NUID`, `when_rsvped`) VALUES ("30", "30", "2024-07-12");
INSERT INTO `student_event` (`event_id`, `NUID`, `when_rsvped`) VALUES ("31", "31", "2024-08-16");
INSERT INTO `student_event` (`event_id`, `NUID`, `when_rsvped`) VALUES ("32", "32", "2024-11-08");
INSERT INTO `student_event` (`event_id`, `NUID`, `when_rsvped`) VALUES ("33", "33", "2024-07-08");
INSERT INTO `student_event` (`event_id`, `NUID`, `when_rsvped`) VALUES ("34", "34", "2024-04-29");
INSERT INTO `student_event` (`event_id`, `NUID`, `when_rsvped`) VALUES ("35", "35", "2025-03-18");
INSERT INTO `student_event` (`event_id`, `NUID`, `when_rsvped`) VALUES ("36", "36", "2025-04-03");
INSERT INTO `student_event` (`event_id`, `NUID`, `when_rsvped`) VALUES ("37", "37", "2024-07-11");
INSERT INTO `student_event` (`event_id`, `NUID`, `when_rsvped`) VALUES ("38", "38", "2025-04-03");
INSERT INTO `student_event` (`event_id`, `NUID`, `when_rsvped`) VALUES ("39", "39", "2024-05-25");
INSERT INTO `student_event` (`event_id`, `NUID`, `when_rsvped`) VALUES ("40", "40", "2025-01-08");
INSERT INTO `student_event` (`event_id`, `NUID`, `when_rsvped`) VALUES ("41", "41", "2024-06-20");
INSERT INTO `student_event` (`event_id`, `NUID`, `when_rsvped`) VALUES ("42", "42", "2024-11-23");
INSERT INTO `student_event` (`event_id`, `NUID`, `when_rsvped`) VALUES ("43", "43", "2025-03-01");
INSERT INTO `student_event` (`event_id`, `NUID`, `when_rsvped`) VALUES ("44", "44", "2024-11-17");
INSERT INTO `student_event` (`event_id`, `NUID`, `when_rsvped`) VALUES ("45", "45", "2024-06-17");
INSERT INTO `student_event` (`event_id`, `NUID`, `when_rsvped`) VALUES ("46", "46", "2024-07-11");
INSERT INTO `student_event` (`event_id`, `NUID`, `when_rsvped`) VALUES ("47", "47", "2024-11-23");
INSERT INTO `student_event` (`event_id`, `NUID`, `when_rsvped`) VALUES ("48", "48", "2024-10-28");
INSERT INTO `student_event` (`event_id`, `NUID`, `when_rsvped`) VALUES ("49", "49", "2025-03-19");
INSERT INTO `student_event` (`event_id`, `NUID`, `when_rsvped`) VALUES ("50", "50", "2024-12-27");
INSERT INTO `student_event` (`event_id`, `NUID`, `when_rsvped`) VALUES ("51", "51", "2025-01-18");
INSERT INTO `student_event` (`event_id`, `NUID`, `when_rsvped`) VALUES ("52", "52", "2024-07-07");
INSERT INTO `student_event` (`event_id`, `NUID`, `when_rsvped`) VALUES ("53", "53", "2025-01-14");
INSERT INTO `student_event` (`event_id`, `NUID`, `when_rsvped`) VALUES ("54", "54", "2024-07-10");
INSERT INTO `student_event` (`event_id`, `NUID`, `when_rsvped`) VALUES ("55", "55", "2024-08-20");
INSERT INTO `student_event` (`event_id`, `NUID`, `when_rsvped`) VALUES ("56", "56", "2024-12-10");
INSERT INTO `student_event` (`event_id`, `NUID`, `when_rsvped`) VALUES ("57", "57", "2024-05-26");
INSERT INTO `student_event` (`event_id`, `NUID`, `when_rsvped`) VALUES ("58", "58", "2024-09-18");
INSERT INTO `student_event` (`event_id`, `NUID`, `when_rsvped`) VALUES ("59", "59", "2024-08-12");
INSERT INTO `student_event` (`event_id`, `NUID`, `when_rsvped`) VALUES ("60", "60", "2024-06-21");
INSERT INTO `student_event` (`event_id`, `NUID`, `when_rsvped`) VALUES ("61", "61", "2025-01-20");
INSERT INTO `student_event` (`event_id`, `NUID`, `when_rsvped`) VALUES ("62", "62", "2024-07-03");
INSERT INTO `student_event` (`event_id`, `NUID`, `when_rsvped`) VALUES ("63", "63", "2024-11-26");
INSERT INTO `student_event` (`event_id`, `NUID`, `when_rsvped`) VALUES ("64", "64", "2024-07-28");
INSERT INTO `student_event` (`event_id`, `NUID`, `when_rsvped`) VALUES ("65", "65", "2024-04-18");
INSERT INTO `student_event` (`event_id`, `NUID`, `when_rsvped`) VALUES ("66", "66", "2024-08-07");
INSERT INTO `student_event` (`event_id`, `NUID`, `when_rsvped`) VALUES ("67", "67", "2024-05-03");
INSERT INTO `student_event` (`event_id`, `NUID`, `when_rsvped`) VALUES ("68", "68", "2025-04-05");
INSERT INTO `student_event` (`event_id`, `NUID`, `when_rsvped`) VALUES ("69", "69", "2025-03-23");
INSERT INTO `student_event` (`event_id`, `NUID`, `when_rsvped`) VALUES ("70", "70", "2024-11-22");
INSERT INTO `student_event` (`event_id`, `NUID`, `when_rsvped`) VALUES ("71", "71", "2024-08-06");
INSERT INTO `student_event` (`event_id`, `NUID`, `when_rsvped`) VALUES ("72", "72", "2025-03-31");
INSERT INTO `student_event` (`event_id`, `NUID`, `when_rsvped`) VALUES ("73", "73", "2024-09-02");
INSERT INTO `student_event` (`event_id`, `NUID`, `when_rsvped`) VALUES ("74", "74", "2024-05-10");
INSERT INTO `student_event` (`event_id`, `NUID`, `when_rsvped`) VALUES ("75", "75", "2025-01-15");
INSERT INTO `student_event` (`event_id`, `NUID`, `when_rsvped`) VALUES ("76", "76", "2024-07-25");
INSERT INTO `student_event` (`event_id`, `NUID`, `when_rsvped`) VALUES ("77", "77", "2024-04-08");
INSERT INTO `student_event` (`event_id`, `NUID`, `when_rsvped`) VALUES ("78", "78", "2024-12-23");
INSERT INTO `student_event` (`event_id`, `NUID`, `when_rsvped`) VALUES ("79", "79", "2025-01-10");
INSERT INTO `student_event` (`event_id`, `NUID`, `when_rsvped`) VALUES ("80", "80", "2024-09-06");
INSERT INTO `student_event` (`event_id`, `NUID`, `when_rsvped`) VALUES ("81", "81", "2024-09-29");
INSERT INTO `student_event` (`event_id`, `NUID`, `when_rsvped`) VALUES ("82", "82", "2024-10-13");
INSERT INTO `student_event` (`event_id`, `NUID`, `when_rsvped`) VALUES ("83", "83", "2024-08-06");
INSERT INTO `student_event` (`event_id`, `NUID`, `when_rsvped`) VALUES ("84", "84", "2024-06-14");
INSERT INTO `student_event` (`event_id`, `NUID`, `when_rsvped`) VALUES ("85", "85", "2024-07-23");
INSERT INTO `student_event` (`event_id`, `NUID`, `when_rsvped`) VALUES ("86", "86", "2025-01-19");
INSERT INTO `student_event` (`event_id`, `NUID`, `when_rsvped`) VALUES ("87", "87", "2024-12-26");
INSERT INTO `student_event` (`event_id`, `NUID`, `when_rsvped`) VALUES ("88", "88", "2024-05-13");
INSERT INTO `student_event` (`event_id`, `NUID`, `when_rsvped`) VALUES ("89", "89", "2024-11-26");
INSERT INTO `student_event` (`event_id`, `NUID`, `when_rsvped`) VALUES ("90", "90", "2025-03-27");
INSERT INTO `student_event` (`event_id`, `NUID`, `when_rsvped`) VALUES ("91", "91", "2024-12-16");
INSERT INTO `student_event` (`event_id`, `NUID`, `when_rsvped`) VALUES ("92", "92", "2024-06-19");
INSERT INTO `student_event` (`event_id`, `NUID`, `when_rsvped`) VALUES ("93", "93", "2025-03-31");
INSERT INTO `student_event` (`event_id`, `NUID`, `when_rsvped`) VALUES ("94", "94", "2024-06-04");
INSERT INTO `student_event` (`event_id`, `NUID`, `when_rsvped`) VALUES ("95", "95", "2025-02-24");
INSERT INTO `student_event` (`event_id`, `NUID`, `when_rsvped`) VALUES ("96", "96", "2024-12-27");
INSERT INTO `student_event` (`event_id`, `NUID`, `when_rsvped`) VALUES ("97", "97", "2024-12-16");
INSERT INTO `student_event` (`event_id`, `NUID`, `when_rsvped`) VALUES ("98", "98", "2025-01-29");
INSERT INTO `student_event` (`event_id`, `NUID`, `when_rsvped`) VALUES ("99", "99", "2024-12-25");
INSERT INTO `student_event` (`event_id`, `NUID`, `when_rsvped`) VALUES ("100", "100", "2025-04-05");

# For  post
INSERT INTO post VALUES (1, 1, '2025-02-15 10:30:00', 3, 12, 'Valentine''s Bake Sale', 'Join us for a sweet fundraiser featuring student-baked goods.', 'bakesale1.jpg');
INSERT INTO post VALUES (2, 0, '2025-01-20 14:45:00', 1, 5, 'Closed Club Meeting', 'Monthly private strategy meeting for officers.', NULL);
INSERT INTO post VALUES (3, 1, '2025-03-10 09:00:00', 4, 17, 'Art for Change', 'Art club event showcasing work focused on climate change.', 'artshow.jpg');
INSERT INTO post VALUES (4, 1, '2025-03-12 18:15:00', 2, NULL, 'Game Night Recap', 'Thanks to all who came to our game night—check out the photos!', 'gamenight.png');
INSERT INTO post VALUES (5, 0, '2025-01-05 11:00:00', 5, NULL, 'Volunteer Coordination', 'Internal notes on upcoming community service logistics.', NULL);
INSERT INTO post VALUES (6, 1, '2025-04-01 13:20:00', 6, 20, 'Poetry Slam', 'Don’t miss this evening of student poetry performances.', 'poetryslam.jpg');
INSERT INTO post VALUES (7, 1, '2025-02-28 16:00:00', 1, NULL, 'Coding Bootcamp Wrap-up', 'Our month-long bootcamp just ended! Congrats to all!', 'bootcamp.jpg');
INSERT INTO post VALUES (8, 0, '2025-01-18 08:40:00', 3, NULL, 'Exec Team Notes', 'Private summary of spring semester goals.', NULL);
INSERT INTO post VALUES (9, 1, '2025-03-30 12:00:00', 2, 19, 'Sustainability Drive', 'Help us collect recyclables and promote eco-friendly practices.', 'sustainability.jpg');
INSERT INTO post VALUES (10, 1, '2025-03-05 09:30:00', 5, 10, 'Health & Wellness Fair', 'Campus-wide event promoting physical and mental health.', 'wellnessfair.png');
INSERT INTO post VALUES (11, 0, '2025-02-10 14:00:00', 4, NULL, 'Member Spotlight', 'Highlighting our most dedicated members of the month.', NULL);
INSERT INTO post VALUES (12, 1, '2025-04-02 10:45:00', 6, 22, 'Spring Music Fest', 'Live student performances and food trucks!', 'musicfest.jpg');
INSERT INTO post VALUES (13, 1, '2025-02-22 15:30:00', 1, 7, 'Hackathon Kickoff', 'It’s time! 48 hours of building and innovating starts now.', 'hackathon.jpg');
INSERT INTO post VALUES (14, 0, '2025-01-09 17:10:00', 2, NULL, 'Budget Planning', 'Drafting our proposal for next semester''s funding.', NULL);
INSERT INTO post VALUES (15, 1, '2025-03-18 16:30:00', 5, 13, 'Campus Cleanup', 'Meet at the quad to help beautify the grounds.', 'cleanup.jpg');
INSERT INTO post VALUES (16, 1, '2025-04-05 19:00:00', 4, 25, 'Fashion Night', 'A night of student designs, modeling, and music.', 'fashionnight.jpg');
INSERT INTO post VALUES (17, 0, '2025-02-12 11:50:00', 3, NULL, 'Officer Debrief', 'Private notes following winter leadership workshop.', NULL);
INSERT INTO post VALUES (18, 1, '2025-03-07 13:15:00', 6, 16, 'Open Mic Lunch', 'Drop by the union and show off your talent!', 'openmic.jpg');
INSERT INTO post VALUES (19, 1, '2025-01-28 14:10:00', 1, NULL, 'Winter Code Clinic', 'Walk-in debugging help for your coding projects.', 'codeclinic.jpg');
INSERT INTO post VALUES (20, 0, '2025-04-03 15:25:00', 2, NULL, 'April Strategy Meeting', 'Finalizing April calendar and roles internally.', NULL);
INSERT INTO post VALUES (21, 1, '2025-03-25 12:00:00', 5, 18, 'Mental Health Panel', 'Experts and students share tips on managing stress.', 'mentalhealth.jpg');
INSERT INTO post VALUES (22, 1, '2025-02-14 18:00:00', 6, NULL, 'Valentine Open Mic', 'Love songs and poems shared by members.', 'valentinemic.jpg');
INSERT INTO post VALUES (23, 0, '2025-01-13 09:45:00', 1, NULL, 'TA Application Planning', 'Preparing internal documents for club teaching assistants.', NULL);
INSERT INTO post VALUES (24, 1, '2025-03-14 17:20:00', 4, 14, 'Photography Walk', 'Explore campus and capture spring blooms.', 'photowalk.jpg');
INSERT INTO post VALUES (25, 1, '2025-04-06 13:30:00', 3, 23, 'Board Games in the Lounge', 'Drop in and chill with your favorite classics.', 'boardgames.jpg');
INSERT INTO post VALUES (26, 0, '2025-02-03 16:40:00', 2, NULL, 'Exec Budget Review', 'Private budget alignment before finance submission.', NULL);
INSERT INTO post VALUES (27, 1, '2025-03-01 11:30:00', 5, 15, 'Nutrition Seminar', 'Get facts and tips from student dietitians.', 'nutrition.jpg');
INSERT INTO post VALUES (28, 1, '2025-04-04 19:15:00', 6, 21, 'Spring Music Recital', 'An evening of solos, duets, and ensemble pieces.', 'recital.jpg');
INSERT INTO post VALUES (29, 0, '2025-01-22 10:00:00', 1, NULL, 'Mentor Pairing Meeting', 'Finalizing mentorship matches for the term.', NULL);
INSERT INTO post VALUES (30, 1, '2025-03-19 12:20:00', 2, 24, 'Community Garden Build', 'Volunteers needed to help construct garden beds.', 'gardenbuild.jpg');
INSERT INTO post VALUES (31, 1, '2025-02-09 13:10:00', 4, 9, 'Gallery Opening', 'Student work from the winter studio class now on view.', 'gallery.jpg');
INSERT INTO post VALUES (32, 0, '2025-01-26 15:00:00', 3, NULL, 'Internal Policy Updates', 'Reviewing bylaw revisions and updates.', NULL);
INSERT INTO post VALUES (33, 1, '2025-03-21 17:40:00', 5, 11, 'Blood Donation Drive', 'Support local hospitals—donate blood this weekend.', 'blooddrive.jpg');
INSERT INTO post VALUES (34, 1, '2025-04-07 08:50:00', 6, NULL, 'Thanks for Coming!', 'Great turnout at our spring concert!', 'thanks.jpg');
INSERT INTO post VALUES (35, 0, '2025-02-17 09:30:00', 1, NULL, 'Recruitment Prep Notes', 'Plans for spring open house and outreach.', NULL);
INSERT INTO post VALUES (36, 1, '2025-03-27 14:25:00', 2, 26, 'Documentary Night', 'Join us for a screening and discussion of "Before the Flood".', 'docnight.jpg');
INSERT INTO post VALUES (37, 1, '2025-02-06 10:15:00', 4, 8, 'Art Jam', 'Live collaborative mural painting and free snacks!', 'artjam.jpg');
INSERT INTO post VALUES (38, 0, '2025-01-14 18:10:00', 5, NULL, 'Committee Check-in', 'Private link and agenda for tomorrow''s Zoom call.', NULL);
INSERT INTO post VALUES (39, 1, '2025-04-08 11:45:00', 3, NULL, 'Debate Team Tryouts', 'Open auditions next Monday—sign up today!', 'debate.jpg');
INSERT INTO post VALUES (40, 1, '2025-03-16 13:55:00', 6, 27, 'Music & Mindfulness', 'Explore how sound can shape emotion and calm.', 'mindfulness.jpg');
INSERT INTO post VALUES (41, 1, '2025-03-10 10:30:00', 1, 28, 'Alumni Networking Brunch', 'Reconnect with past members and expand your network.', 'alumnibrunch.jpg');
INSERT INTO post VALUES (42, 1, '2025-04-01 16:00:00', 2, NULL, 'Sustainability Challenge', 'Track your carbon footprint for a chance to win!', 'sustainchallenge.jpg');
INSERT INTO post VALUES (43, 0, '2025-02-05 09:10:00', 3, NULL, 'Script Edits - Private', 'Review latest draft before submitting to exec board.', NULL);
INSERT INTO post VALUES (44, 1, '2025-03-29 18:45:00', 4, 29, 'Portrait Drawing Workshop', 'Learn proportions and shading techniques.', 'portraits.jpg');
INSERT INTO post VALUES (45, 1, '2025-04-03 14:30:00', 5, 30, 'Earth Day Cleanup', 'Join us in cleaning up the park and planting trees.', 'earthday.jpg');
INSERT INTO post VALUES (46, 0, '2025-01-15 13:20:00', 6, NULL, 'Stage Lighting Practice', 'Prep for the spring musical lighting cues.', NULL);
INSERT INTO post VALUES (47, 1, '2025-03-23 11:55:00', 1, 31, 'Tech Talk Tuesday', 'Learn about emerging web3 trends and ethics.', 'techtalk.jpg');
INSERT INTO post VALUES (48, 1, '2025-04-05 15:10:00', 2, 32, 'Composting 101', 'Workshop on turning food scraps into soil.', 'compost.jpg');
INSERT INTO post VALUES (49, 0, '2025-02-18 16:35:00', 3, NULL, 'Budget Check-In', 'Discuss updated costs for set materials.', NULL);
INSERT INTO post VALUES (50, 1, '2025-03-30 17:50:00', 4, 33, 'Sketchbook Swap', 'Bring your sketchbooks and share ideas.', 'swap.jpg');
INSERT INTO post VALUES (51, 1, '2025-04-06 12:20:00', 5, NULL, 'Finals Prep Yoga', 'De-stress with gentle movement before exams.', 'yogaprep.jpg');
INSERT INTO post VALUES (52, 0, '2025-01-27 14:45:00', 6, NULL, 'Membership Count Review', 'Attendance tallies for spring semester.', NULL);
INSERT INTO post VALUES (53, 1, '2025-03-24 10:40:00', 1, 34, 'Hackathon Kickoff', 'Build something great this weekend!', 'hackathon.jpg');
INSERT INTO post VALUES (54, 1, '2025-04-09 13:10:00', 2, NULL, 'Green Week Challenge Begins', 'Daily actions to lower your carbon output.', 'greenweek.jpg');
INSERT INTO post VALUES (55, 0, '2025-02-11 09:00:00', 3, NULL, 'Cast Change Notice', 'Update to the musical lineup.', NULL);
INSERT INTO post VALUES (56, 1, '2025-03-31 11:00:00', 4, 35, 'Color Theory Session', 'Bring paints! We''ll explore harmony and contrast.', 'colortheory.jpg');
INSERT INTO post VALUES (57, 1, '2025-04-02 16:20:00', 5, 36, 'Nutrition Label Deep Dive', 'Learn how to read and compare food labels.', 'labels.jpg');
INSERT INTO post VALUES (58, 0, '2025-01-20 10:30:00', 6, NULL, 'Rehearsal Logistics', 'Schedule and prop drop for week of April 15.', NULL);
INSERT INTO post VALUES (59, 1, '2025-03-28 14:00:00', 1, NULL, 'Cloud Computing Talk', 'Amazon Web Services guest lecture.', 'cloud.jpg');
INSERT INTO post VALUES (60, 1, '2025-04-07 15:30:00', 2, 37, 'Urban Farming Field Trip', 'Tour rooftop gardens around Boston.', 'urbanfarm.jpg');
INSERT INTO post VALUES (61, 0, '2025-02-03 13:40:00', 3, NULL, 'Costume Fitting Notes', 'Finalized measurements due by Wednesday.', NULL);
INSERT INTO post VALUES (62, 1, '2025-03-25 09:30:00', 4, 38, 'Figure Drawing Marathon', 'Bring snacks and sketch materials.', 'figuredraw.jpg');
INSERT INTO post VALUES (63, 1, '2025-04-08 12:15:00', 5, 39, 'Meal Prep 101', 'Save time and eat healthy with these tips.', 'mealprep.jpg');
INSERT INTO post VALUES (64, 0, '2025-01-22 10:10:00', 6, NULL, 'Lighting Budget Cuts', 'Reduced fixtures this semester.', NULL);
INSERT INTO post VALUES (65, 1, '2025-03-27 17:50:00', 1, NULL, 'Intro to AI Tools', 'Workshop on using LLMs in development.', 'aitools.jpg');
INSERT INTO post VALUES (66, 1, '2025-04-10 14:25:00', 2, 40, 'Sustainable Fashion Panel', 'Hear from local designers.', 'fashionpanel.jpg');
INSERT INTO post VALUES (67, 0, '2025-02-12 16:40:00', 3, NULL, 'Music Cues Revision', 'Audio track swaps for Act II.', NULL);
INSERT INTO post VALUES (68, 1, '2025-04-01 13:30:00', 4, 41, 'Watercolor Landscapes', 'Step-by-step scenic painting workshop.', 'watercolor.jpg');
INSERT INTO post VALUES (69, 1, '2025-04-04 11:50:00', 5, NULL, 'Mindful Eating Tips', 'Small changes for better digestion.', 'mindfuleating.jpg');
INSERT INTO post VALUES (70, 0, '2025-01-28 15:10:00', 6, NULL, 'Theater Storage Reorg', 'Help clean and label bins this Friday.', NULL);
INSERT INTO post VALUES (71, 1, '2025-03-29 10:45:00', 1, 42, 'Dev Sprint Recap', 'What we accomplished and what''s next.', 'devsprint.jpg');
INSERT INTO post VALUES (72, 1, '2025-04-06 12:30:00', 2, NULL, 'Nature Journaling', 'Reflect and record the outdoor world.', 'journal.jpg');
INSERT INTO post VALUES (73, 0, '2025-02-07 14:15:00', 3, NULL, 'Line Check Status', 'Only 3 cast members left to complete.', NULL);
INSERT INTO post VALUES (74, 1, '2025-03-31 09:55:00', 4, 43, 'Acrylic Techniques', 'How to layer and blend for depth.', 'acrylic.jpg');
INSERT INTO post VALUES (75, 1, '2025-04-05 17:40:00', 5, 44, 'Spring Picnic Recipes', 'Healthy and easy bites to bring.', 'picnic.jpg');
INSERT INTO post VALUES (76, 0, '2025-01-18 13:05:00', 6, NULL, 'March Lighting Schedule', 'Updated cue sheet for tech crew.', NULL);
INSERT INTO post VALUES (77, 1, '2025-03-26 15:25:00', 1, NULL, 'Web Accessibility Panel', 'Building inclusive digital tools.', 'accessibility.jpg');
INSERT INTO post VALUES (78, 1, '2025-04-07 10:00:00', 2, 45, 'Indoor Gardening Tips', 'Grow herbs in your dorm.', 'indoorgarden.jpg');
INSERT INTO post VALUES (79, 0, '2025-02-15 16:00:00', 3, NULL, 'Makeup Inventory Needed', 'List what you''re bringing to the show.', NULL);
INSERT INTO post VALUES (80, 1, '2025-04-03 13:00:00', 4, 46, 'Mixed Media Collage', 'Use paper, fabric, and photos to create.', 'collage.jpg');
INSERT INTO post VALUES (81, 1, '2025-04-08 15:10:00', 5, NULL, 'Hydration and Wellness', 'Tips to stay hydrated throughout finals.', 'hydration.jpg');
INSERT INTO post VALUES (82, 0, '2025-01-26 14:45:00', 6, NULL, 'Cast Conflict Update', 'One member dropped — reshuffling needed.', NULL);
INSERT INTO post VALUES (83, 1, '2025-03-30 11:30:00', 1, 47, 'App Launch Checklist', 'QA steps and deployment details.', 'launchcheck.jpg');
INSERT INTO post VALUES (84, 1, '2025-04-09 10:25:00', 2, NULL, 'Urban Sketching Walk', 'Join us this Sunday near the Commons.', 'urbansketch.jpg');
INSERT INTO post VALUES (85, 0, '2025-02-10 12:00:00', 3, NULL, 'Script Feedback Forms', 'Due from all cast/crew by Monday.', NULL);
INSERT INTO post VALUES (86, 1, '2025-04-04 16:15:00', 4, 48, 'Clay Sculpting Basics', 'Form, fire, and glaze your own piece.', 'claysculpt.jpg');
INSERT INTO post VALUES (87, 1, '2025-04-06 13:50:00', 5, 49, 'Healthy Finals Snacks', 'Easy ideas to fuel your brain.', 'finalssnacks.jpg');
INSERT INTO post VALUES (88, 0, '2025-01-30 09:40:00', 6, NULL, 'Show Budget Breakdown', 'Finance sheet posted in green room.', NULL);
INSERT INTO post VALUES (89, 1, '2025-04-01 15:00:00', 1, NULL, 'UI/UX Peer Reviews', 'Submit Figma links by Wednesday.', 'uxreview.jpg');
INSERT INTO post VALUES (90, 1, '2025-04-10 10:10:00', 2, 50, 'Botanical Studies', 'Bring micron pens and good vibes.', 'botanical.jpg');
INSERT INTO post VALUES (91, 0, '2025-02-05 14:55:00', 3, NULL, 'Act III Rewrite Plan', 'Meeting in studio B after class.', NULL);
INSERT INTO post VALUES (92, 1, '2025-04-07 17:45:00', 4, 51, 'Art Zine Call for Submissions', 'Theme: "Dream Logic".', 'zine.jpg');
INSERT INTO post VALUES (93, 1, '2025-04-02 11:10:00', 5, NULL, 'Stress Relief Techniques', 'Quick calming exercises shared.', 'relief.jpg');
INSERT INTO post VALUES (94, 0, '2025-01-22 13:20:00', 6, NULL, 'Lighting Console Locked', 'New password shared in Slack.', NULL);
INSERT INTO post VALUES (95, 1, '2025-03-28 15:40:00', 1, 52, 'Code Refactor Update', 'Module separation and cleaner logic.', 'refactor.jpg');
INSERT INTO post VALUES (96, 1, '2025-04-05 12:50:00', 2, NULL, 'Sketch Swap Session', 'Bring two old works to trade.', 'sketchswap.jpg');
INSERT INTO post VALUES (97, 0, '2025-02-09 10:30:00', 3, NULL, 'Rehearsal Time Change', 'Now starts at 4:30 PM sharp.', NULL);
INSERT INTO post VALUES (98, 1, '2025-04-08 14:20:00', 4, 53, 'Color Theory Crash Course', 'Warm/cool palettes and contrast tips.', 'colortheory.jpg');
INSERT INTO post VALUES (99, 1, '2025-04-06 10:00:00', 5, 54, 'Spring Smoothie Recipes', 'Great for post-workout recovery.', 'smoothie.jpg');
INSERT INTO post VALUES (100, 0, '2025-01-25 11:35:00', 6, NULL, 'Costume Handoff Log', 'Please record what you’ve borrowed.', NULL);

#For comment
INSERT INTO comment (id, NUID, date, text) VALUES (1, 1, '2025-02-27', 'Great job by the organizers of the fundraiser!');
INSERT INTO comment (id, NUID, date, text) VALUES (2, 2, '2024-12-09', 'The panel on cultural representation was informative and eye-opening.');
INSERT INTO comment (id, NUID, date, text) VALUES (3, 3, '2025-03-07', 'Awesome atmosphere! The keynote really stood out.');
INSERT INTO comment (id, NUID, date, text) VALUES (4, 4, '2025-03-23', 'One of the most well-organized campus town halls I\'ve attended.');
INSERT INTO comment (id, NUID, date, text) VALUES (5, 5, '2025-03-07', 'Really appreciated the way community service was covered — very engaging!');
INSERT INTO comment (id, NUID, date, text) VALUES (6, 6, '2024-08-22', 'The presentation was packed but still felt personal and engaging.');
INSERT INTO comment (id, NUID, date, text) VALUES (7, 7, '2025-03-31', 'Appreciated how inclusive the panel felt — well done!');
INSERT INTO comment (id, NUID, date, text) VALUES (8, 8, '2024-10-29', 'The event exceeded expectations, especially the part on women in tech.');
INSERT INTO comment (id, NUID, date, text) VALUES (9, 9, '2025-03-20', 'Awesome atmosphere! The lightning talk really stood out.');
INSERT INTO comment (id, NUID, date, text) VALUES (10, 10, '2024-11-23', 'Networking at the event was fantastic. Met so many like-minded people.');
INSERT INTO comment (id, NUID, date, text) VALUES (11, 11, '2024-07-21', 'Networking at the event was fantastic. Met so many like-minded people.');
INSERT INTO comment (id, NUID, date, text) VALUES (12, 12, '2024-07-01', 'Appreciated how inclusive the seminar felt — well done!');
INSERT INTO comment (id, NUID, date, text) VALUES (13, 13, '2025-03-20', 'Really appreciated the way public speaking was covered — very engaging!');
INSERT INTO comment (id, NUID, date, text) VALUES (14, 14, '2024-08-18', 'One of the most well-organized campus panels I\'ve attended.');
INSERT INTO comment (id, NUID, date, text) VALUES (15, 15, '2025-03-03', 'Very insightful discussion on cultural representation. Looking forward to more!');
INSERT INTO comment (id, NUID, date, text) VALUES (16, 16, '2025-02-17', 'Really appreciated the way community service was covered — very engaging!');
INSERT INTO comment (id, NUID, date, text) VALUES (17, 17, '2025-02-23', 'Networking at the event was fantastic. Met so many like-minded people.');
INSERT INTO comment (id, NUID, date, text) VALUES (18, 18, '2024-07-19', 'A very memorable event. The public speaking portion was my favorite.');
INSERT INTO comment (id, NUID, date, text) VALUES (19, 19, '2024-05-10', 'Great job by the organizers of the seminar!');
INSERT INTO comment (id, NUID, date, text) VALUES (20, 20, '2024-08-02', 'Really appreciated the way data privacy was covered — very engaging!');
INSERT INTO comment (id, NUID, date, text) VALUES (21, 21, '2025-03-24', 'Networking at the event was fantastic. Met so many like-minded people.');
INSERT INTO comment (id, NUID, date, text) VALUES (22, 22, '2025-02-19', 'The roundtable was packed but still felt personal and engaging.');
INSERT INTO comment (id, NUID, date, text) VALUES (23, 23, '2024-08-17', 'Great job by the organizers of the seminar!');
INSERT INTO comment (id, NUID, date, text) VALUES (24, 24, '2024-08-08', 'Networking at the event was fantastic. Met so many like-minded people.');
INSERT INTO comment (id, NUID, date, text) VALUES (25, 25, '2024-04-25', 'The AI in education panel was excellent — great speakers and questions.');
INSERT INTO comment (id, NUID, date, text) VALUES (26, 26, '2024-05-31', 'The community service panel was excellent — great speakers and questions.');
INSERT INTO comment (id, NUID, date, text) VALUES (27, 27, '2025-01-03', 'The event exceeded expectations, especially the part on sustainability.');
INSERT INTO comment (id, NUID, date, text) VALUES (28, 28, '2024-05-17', 'Great job by the organizers of the hackathon!');
INSERT INTO comment (id, NUID, date, text) VALUES (29, 29, '2024-12-17', 'Loved the interactive part about data privacy — kept us all involved.');
INSERT INTO comment (id, NUID, date, text) VALUES (30, 30, '2024-12-13', 'Great job by the organizers of the hackathon!');
INSERT INTO comment (id, NUID, date, text) VALUES (31, 31, '2024-04-21', 'A very memorable event. The mental health portion was my favorite.');
INSERT INTO comment (id, NUID, date, text) VALUES (32, 32, '2025-03-11', 'Loved seeing such strong student leadership in action!');
INSERT INTO comment (id, NUID, date, text) VALUES (33, 33, '2025-03-27', 'Really appreciated the way cultural representation was covered — very engaging!');
INSERT INTO comment (id, NUID, date, text) VALUES (34, 34, '2024-05-07', 'The community service panel was excellent — great speakers and questions.');
INSERT INTO comment (id, NUID, date, text) VALUES (35, 35, '2024-08-26', 'A very memorable event. The student activism portion was my favorite.');
INSERT INTO comment (id, NUID, date, text) VALUES (36, 36, '2024-12-27', 'A very memorable event. The cultural representation portion was my favorite.');
INSERT INTO comment (id, NUID, date, text) VALUES (37, 37, '2024-12-26', 'Really appreciated the way public speaking was covered — very engaging!');
INSERT INTO comment (id, NUID, date, text) VALUES (38, 38, '2024-10-27', 'The refreshments and energy made the panel even better!');
INSERT INTO comment (id, NUID, date, text) VALUES (39, 39, '2025-02-23', 'Loved the interactive part about climate justice — kept us all involved.');
INSERT INTO comment (id, NUID, date, text) VALUES (40, 40, '2024-06-15', 'Impressive turnout! Clearly, people care about mental health.');
INSERT INTO comment (id, NUID, date, text) VALUES (41, 41, '2024-10-27', 'A very memorable event. The inclusive leadership portion was my favorite.');
INSERT INTO comment (id, NUID, date, text) VALUES (42, 42, '2024-05-02', 'Awesome atmosphere! The lightning talk really stood out.');
INSERT INTO comment (id, NUID, date, text) VALUES (43, 43, '2025-02-09', 'Appreciated how inclusive the info session felt — well done!');
INSERT INTO comment (id, NUID, date, text) VALUES (44, 44, '2025-01-06', 'The refreshments and energy made the seminar even better!');
INSERT INTO comment (id, NUID, date, text) VALUES (45, 45, '2024-08-10', 'The refreshments and energy made the panel even better!');
INSERT INTO comment (id, NUID, date, text) VALUES (46, 46, '2024-08-06', 'One of the most well-organized campus workshops I\'ve attended.');
INSERT INTO comment (id, NUID, date, text) VALUES (47, 47, '2024-11-04', 'Appreciated how inclusive the workshop felt — well done!');
INSERT INTO comment (id, NUID, date, text) VALUES (48, 48, '2024-07-18', 'Awesome atmosphere! The keynote really stood out.');
INSERT INTO comment (id, NUID, date, text) VALUES (49, 49, '2024-10-23', 'Appreciated how inclusive the seminar felt — well done!');
INSERT INTO comment (id, NUID, date, text) VALUES (50, 50, '2025-04-04', 'A very memorable event. The mental health portion was my favorite.');
INSERT INTO comment (id, NUID, date, text) VALUES (51, 51, '2025-02-08', 'Appreciated how inclusive the seminar felt — well done!');
INSERT INTO comment (id, NUID, date, text) VALUES (52, 52, '2024-11-08', 'Very insightful discussion on career development. Looking forward to more!');
INSERT INTO comment (id, NUID, date, text) VALUES (53, 53, '2025-01-22', 'The refreshments and energy made the panel even better!');
INSERT INTO comment (id, NUID, date, text) VALUES (54, 54, '2024-10-13', 'The panel on cultural representation was informative and eye-opening.');
INSERT INTO comment (id, NUID, date, text) VALUES (55, 55, '2024-09-13', 'Great job by the organizers of the fundraiser!');
INSERT INTO comment (id, NUID, date, text) VALUES (56, 56, '2024-09-27', 'The lightning talk was packed but still felt personal and engaging.');
INSERT INTO comment (id, NUID, date, text) VALUES (57, 57, '2025-03-01', 'Would love to see deeper dives into sustainability in future sessions.');
INSERT INTO comment (id, NUID, date, text) VALUES (58, 58, '2024-12-12', 'Loved the interactive part about student activism — kept us all involved.');
INSERT INTO comment (id, NUID, date, text) VALUES (59, 59, '2025-03-07', 'Appreciated how inclusive the seminar felt — well done!');
INSERT INTO comment (id, NUID, date, text) VALUES (60, 60, '2025-03-04', 'The refreshments and energy made the networking mixer even better!');
INSERT INTO comment (id, NUID, date, text) VALUES (61, 61, '2025-03-25', '');
INSERT INTO comment (id, NUID, date, text) VALUES (62, 62, '2025-01-09', 'Awesome atmosphere! The Q&A really stood out.');
INSERT INTO comment (id, NUID, date, text) VALUES (63, 63, '2024-12-31', 'The Q&A on public speaking was informative and eye-opening.');
INSERT INTO comment (id, NUID, date, text) VALUES (64, 64, '2025-02-20', 'A very memorable event. The data privacy portion was my favorite.');
INSERT INTO comment (id, NUID, date, text) VALUES (65, 65, '2024-09-30', 'The keynote on student entrepreneurship was informative and eye-opening.');
INSERT INTO comment (id, NUID, date, text) VALUES (66, 66, '2024-11-05', 'The refreshments and energy made the town hall even better!');
INSERT INTO comment (id, NUID, date, text) VALUES (67, 67, '2024-05-05', 'Would love to see deeper dives into international student life in future sessions.');
INSERT INTO comment (id, NUID, date, text) VALUES (68, 68, '2025-03-09', 'Loved the interactive part about community service — kept us all involved.');
INSERT INTO comment (id, NUID, date, text) VALUES (69, 69, '2025-02-01', 'Appreciated how inclusive the workshop felt — well done!');
INSERT INTO comment (id, NUID, date, text) VALUES (70, 70, '2025-01-07', 'Great job by the organizers of the town hall!');
INSERT INTO comment (id, NUID, date, text) VALUES (71, 71, '2024-06-23', 'Awesome atmosphere! The Q&A really stood out.');
INSERT INTO comment (id, NUID, date, text) VALUES (72, 72, '2024-09-27', 'Loved the interactive part about AI in education — kept us all involved.');
INSERT INTO comment (id, NUID, date, text) VALUES (73, 73, '2024-04-16', 'Very insightful discussion on mental health. Looking forward to more!');
INSERT INTO comment (id, NUID, date, text) VALUES (74, 74, '2025-02-11', 'One of the most well-organized campus panels I\'ve attended.');
INSERT INTO comment (id, NUID, date, text) VALUES (75, 75, '2024-12-11', 'Kudos to the team for organizing such a smooth networking mixer.');
INSERT INTO comment (id, NUID, date, text) VALUES (76, 76, '2025-02-07', 'Impressive turnout! Clearly, people care about international student life.');
INSERT INTO comment (id, NUID, date, text) VALUES (77, 77, '2024-12-03', 'Networking at the event was fantastic. Met so many like-minded people.');
INSERT INTO comment (id, NUID, date, text) VALUES (78, 78, '2024-12-19', 'Kudos to the team for organizing such a smooth club fair.');
INSERT INTO comment (id, NUID, date, text) VALUES (79, 79, '2024-08-15', 'Great job by the organizers of the town hall!');
INSERT INTO comment (id, NUID, date, text) VALUES (80, 80, '2024-12-17', 'Really appreciated the way mental health was covered — very engaging!');
INSERT INTO comment (id, NUID, date, text) VALUES (81, 81, '2024-04-14', 'Networking at the event was fantastic. Met so many like-minded people.');
INSERT INTO comment (id, NUID, date, text) VALUES (82, 82, '2024-12-01', 'The presentation was packed but still felt personal and engaging.');
INSERT INTO comment (id, NUID, date, text) VALUES (83, 83, '2024-10-12', 'The community service panel was excellent — great speakers and questions.');
INSERT INTO comment (id, NUID, date, text) VALUES (84, 84, '2024-10-29', 'Appreciated how inclusive the info session felt — well done!');
INSERT INTO comment (id, NUID, date, text) VALUES (85, 85, '2025-02-13', 'Great job by the organizers of the fundraiser!');
INSERT INTO comment (id, NUID, date, text) VALUES (86, 86, '2024-07-06', 'Loved the interactive part about student activism — kept us all involved.');
INSERT INTO comment (id, NUID, date, text) VALUES (87, 87, '2024-10-17', 'Loved the interactive part about student activism — kept us all involved.');
INSERT INTO comment (id, NUID, date, text) VALUES (88, 88, '2024-09-09', 'A very memorable event. The climate justice portion was my favorite.');
INSERT INTO comment (id, NUID, date, text) VALUES (89, 89, '2025-01-25', 'Loved the interactive part about AI in education — kept us all involved.');
INSERT INTO comment (id, NUID, date, text) VALUES (90, 90, '2024-04-23', 'Would love to see deeper dives into international student life in future sessions.');
INSERT INTO comment (id, NUID, date, text) VALUES (91, 91, '2025-02-21', 'The Q&A on climate justice was informative and eye-opening.');
INSERT INTO comment (id, NUID, date, text) VALUES (92, 92, '2024-11-25', 'The refreshments and energy made the panel even better!');
INSERT INTO comment (id, NUID, date, text) VALUES (93, 93, '2024-10-12', 'The AI in education panel was excellent — great speakers and questions.');
INSERT INTO comment (id, NUID, date, text) VALUES (94, 94, '2024-05-18', 'Loved the interactive part about student activism — kept us all involved.');
INSERT INTO comment (id, NUID, date, text) VALUES (95, 95, '2024-09-18', 'Awesome atmosphere! The Q&A really stood out.');
INSERT INTO comment (id, NUID, date, text) VALUES (96, 96, '2024-04-14', 'Great job by the organizers of the seminar!');
INSERT INTO comment (id, NUID, date, text) VALUES (97, 97, '2024-08-04', 'Loved the interactive part about AI in education — kept us all involved.');
INSERT INTO comment (id, NUID, date, text) VALUES (98, 98, '2025-03-10', 'Awesome atmosphere! The keynote really stood out.');
INSERT INTO comment (id, NUID, date, text) VALUES (99, 99, '2024-04-22', 'Impressive turnout! Clearly, people care about sustainability.');
INSERT INTO comment (id, NUID, date, text) VALUES (100, 100, '2024-05-12', 'The event exceeded expectations, especially the part on sustainability.');

# For post_comment
INSERT INTO post_comment (post_id, comment_id) VALUES (69, 99);
INSERT INTO post_comment (post_id, comment_id) VALUES (78, 95);
INSERT INTO post_comment (post_id, comment_id) VALUES (73, 59);
INSERT INTO post_comment (post_id, comment_id) VALUES (50, 30);
INSERT INTO post_comment (post_id, comment_id) VALUES (72, 93);
INSERT INTO post_comment (post_id, comment_id) VALUES (34, 8);
INSERT INTO post_comment (post_id, comment_id) VALUES (30, 11);
INSERT INTO post_comment (post_id, comment_id) VALUES (92, 80);
INSERT INTO post_comment (post_id, comment_id) VALUES (39, 45);
INSERT INTO post_comment (post_id, comment_id) VALUES (99, 61);
INSERT INTO post_comment (post_id, comment_id) VALUES (23, 83);
INSERT INTO post_comment (post_id, comment_id) VALUES (45, 27);
INSERT INTO post_comment (post_id, comment_id) VALUES (25, 68);
INSERT INTO post_comment (post_id, comment_id) VALUES (43, 52);
INSERT INTO post_comment (post_id, comment_id) VALUES (94, 6);
INSERT INTO post_comment (post_id, comment_id) VALUES (52, 74);
INSERT INTO post_comment (post_id, comment_id) VALUES (76, 51);
INSERT INTO post_comment (post_id, comment_id) VALUES (8, 47);
INSERT INTO post_comment (post_id, comment_id) VALUES (86, 85);
INSERT INTO post_comment (post_id, comment_id) VALUES (55, 2);
INSERT INTO post_comment (post_id, comment_id) VALUES (12, 31);
INSERT INTO post_comment (post_id, comment_id) VALUES (13, 46);
INSERT INTO post_comment (post_id, comment_id) VALUES (2, 26);
INSERT INTO post_comment (post_id, comment_id) VALUES (84, 67);
INSERT INTO post_comment (post_id, comment_id) VALUES (9, 64);
INSERT INTO post_comment (post_id, comment_id) VALUES (33, 21);
INSERT INTO post_comment (post_id, comment_id) VALUES (67, 13);
INSERT INTO post_comment (post_id, comment_id) VALUES (10, 18);
INSERT INTO post_comment (post_id, comment_id) VALUES (77, 89);
INSERT INTO post_comment (post_id, comment_id) VALUES (21, 50);
INSERT INTO post_comment (post_id, comment_id) VALUES (96, 49);
INSERT INTO post_comment (post_id, comment_id) VALUES (49, 43);
INSERT INTO post_comment (post_id, comment_id) VALUES (97, 25);
INSERT INTO post_comment (post_id, comment_id) VALUES (68, 81);
INSERT INTO post_comment (post_id, comment_id) VALUES (95, 39);
INSERT INTO post_comment (post_id, comment_id) VALUES (93, 57);
INSERT INTO post_comment (post_id, comment_id) VALUES (90, 7);
INSERT INTO post_comment (post_id, comment_id) VALUES (70, 69);
INSERT INTO post_comment (post_id, comment_id) VALUES (15, 87);
INSERT INTO post_comment (post_id, comment_id) VALUES (58, 16);
INSERT INTO post_comment (post_id, comment_id) VALUES (27, 65);
INSERT INTO post_comment (post_id, comment_id) VALUES (29, 97);
INSERT INTO post_comment (post_id, comment_id) VALUES (35, 23);
INSERT INTO post_comment (post_id, comment_id) VALUES (56, 28);
INSERT INTO post_comment (post_id, comment_id) VALUES (85, 70);
INSERT INTO post_comment (post_id, comment_id) VALUES (7, 86);
INSERT INTO post_comment (post_id, comment_id) VALUES (83, 10);
INSERT INTO post_comment (post_id, comment_id) VALUES (18, 9);
INSERT INTO post_comment (post_id, comment_id) VALUES (38, 90);
INSERT INTO post_comment (post_id, comment_id) VALUES (28, 19);
INSERT INTO post_comment (post_id, comment_id) VALUES (81, 96);
INSERT INTO post_comment (post_id, comment_id) VALUES (89, 100);

# from system_admin
INSERT INTO system_admin (id, permission_level) VALUES (1, 'low');
INSERT INTO system_admin (id, permission_level) VALUES (2, 'medium');
INSERT INTO system_admin (id, permission_level) VALUES (3, 'medium');
INSERT INTO system_admin (id, permission_level) VALUES (4, 'high');
INSERT INTO system_admin (id, permission_level) VALUES (5, 'low');
INSERT INTO system_admin (id, permission_level) VALUES (6, 'low');
INSERT INTO system_admin (id, permission_level) VALUES (7, 'high');
INSERT INTO system_admin (id, permission_level) VALUES (8, 'medium');
INSERT INTO system_admin (id, permission_level) VALUES (9, 'low');
INSERT INTO system_admin (id, permission_level) VALUES (10, 'medium');
INSERT INTO system_admin (id, permission_level) VALUES (11, 'medium');
INSERT INTO system_admin (id, permission_level) VALUES (12, 'low');
INSERT INTO system_admin (id, permission_level) VALUES (13, 'low');
INSERT INTO system_admin (id, permission_level) VALUES (14, 'medium');
INSERT INTO system_admin (id, permission_level) VALUES (15, 'high');
INSERT INTO system_admin (id, permission_level) VALUES (16, 'low');
INSERT INTO system_admin (id, permission_level) VALUES (17, 'medium');
INSERT INTO system_admin (id, permission_level) VALUES (18, 'medium');
INSERT INTO system_admin (id, permission_level) VALUES (19, 'low');
INSERT INTO system_admin (id, permission_level) VALUES (20, 'low');
INSERT INTO system_admin (id, permission_level) VALUES (21, 'low');
INSERT INTO system_admin (id, permission_level) VALUES (22, 'low');
INSERT INTO system_admin (id, permission_level) VALUES (23, 'medium');
INSERT INTO system_admin (id, permission_level) VALUES (24, 'medium');
INSERT INTO system_admin (id, permission_level) VALUES (25, 'low');
INSERT INTO system_admin (id, permission_level) VALUES (26, 'high');
INSERT INTO system_admin (id, permission_level) VALUES (27, 'high');
INSERT INTO system_admin (id, permission_level) VALUES (28, 'low');
INSERT INTO system_admin (id, permission_level) VALUES (29, 'low');
INSERT INTO system_admin (id, permission_level) VALUES (30, 'low');
INSERT INTO system_admin (id, permission_level) VALUES (31, 'low');
INSERT INTO system_admin (id, permission_level) VALUES (32, 'low');
INSERT INTO system_admin (id, permission_level) VALUES (33, 'medium');
INSERT INTO system_admin (id, permission_level) VALUES (34, 'low');
INSERT INTO system_admin (id, permission_level) VALUES (35, 'low');
INSERT INTO system_admin (id, permission_level) VALUES (36, 'medium');
INSERT INTO system_admin (id, permission_level) VALUES (37, 'medium');
INSERT INTO system_admin (id, permission_level) VALUES (38, 'high');
INSERT INTO system_admin (id, permission_level) VALUES (39, 'high');
INSERT INTO system_admin (id, permission_level) VALUES (40, 'low');
INSERT INTO system_admin (id, permission_level) VALUES (41, 'medium');
INSERT INTO system_admin (id, permission_level) VALUES (42, 'medium');
INSERT INTO system_admin (id, permission_level) VALUES (43, 'high');
INSERT INTO system_admin (id, permission_level) VALUES (44, 'high');
INSERT INTO system_admin (id, permission_level) VALUES (45, 'medium');
INSERT INTO system_admin (id, permission_level) VALUES (46, 'medium');
INSERT INTO system_admin (id, permission_level) VALUES (47, 'medium');
INSERT INTO system_admin (id, permission_level) VALUES (48, 'low');
INSERT INTO system_admin (id, permission_level) VALUES (49, 'low');
INSERT INTO system_admin (id, permission_level) VALUES (50, 'low');
INSERT INTO system_admin (id, permission_level) VALUES (51, 'high');
INSERT INTO system_admin (id, permission_level) VALUES (52, 'low');
INSERT INTO system_admin (id, permission_level) VALUES (53, 'low');
INSERT INTO system_admin (id, permission_level) VALUES (54, 'high');
INSERT INTO system_admin (id, permission_level) VALUES (55, 'low');
INSERT INTO system_admin (id, permission_level) VALUES (56, 'low');
INSERT INTO system_admin (id, permission_level) VALUES (57, 'low');
INSERT INTO system_admin (id, permission_level) VALUES (58, 'low');
INSERT INTO system_admin (id, permission_level) VALUES (59, 'high');
INSERT INTO system_admin (id, permission_level) VALUES (60, 'high');
INSERT INTO system_admin (id, permission_level) VALUES (61, 'medium');
INSERT INTO system_admin (id, permission_level) VALUES (62, 'high');
INSERT INTO system_admin (id, permission_level) VALUES (63, 'medium');
INSERT INTO system_admin (id, permission_level) VALUES (64, 'high');
INSERT INTO system_admin (id, permission_level) VALUES (65, 'low');
INSERT INTO system_admin (id, permission_level) VALUES (66, 'low');
INSERT INTO system_admin (id, permission_level) VALUES (67, 'low');
INSERT INTO system_admin (id, permission_level) VALUES (68, 'medium');
INSERT INTO system_admin (id, permission_level) VALUES (69, 'high');
INSERT INTO system_admin (id, permission_level) VALUES (70, 'low');
INSERT INTO system_admin (id, permission_level) VALUES (71, 'low');
INSERT INTO system_admin (id, permission_level) VALUES (72, 'low');
INSERT INTO system_admin (id, permission_level) VALUES (73, 'medium');
INSERT INTO system_admin (id, permission_level) VALUES (74, 'high');
INSERT INTO system_admin (id, permission_level) VALUES (75, 'medium');
INSERT INTO system_admin (id, permission_level) VALUES (76, 'high');
INSERT INTO system_admin (id, permission_level) VALUES (77, 'medium');
INSERT INTO system_admin (id, permission_level) VALUES (78, 'medium');
INSERT INTO system_admin (id, permission_level) VALUES (79, 'medium');
INSERT INTO system_admin (id, permission_level) VALUES (80, 'high');
INSERT INTO system_admin (id, permission_level) VALUES (81, 'high');
INSERT INTO system_admin (id, permission_level) VALUES (82, 'medium');
INSERT INTO system_admin (id, permission_level) VALUES (83, 'low');
INSERT INTO system_admin (id, permission_level) VALUES (84, 'medium');
INSERT INTO system_admin (id, permission_level) VALUES (85, 'high');
INSERT INTO system_admin (id, permission_level) VALUES (86, 'medium');
INSERT INTO system_admin (id, permission_level) VALUES (87, 'medium');
INSERT INTO system_admin (id, permission_level) VALUES (88, 'medium');
INSERT INTO system_admin (id, permission_level) VALUES (89, 'high');
INSERT INTO system_admin (id, permission_level) VALUES (90, 'low');
INSERT INTO system_admin (id, permission_level) VALUES (91, 'low');
INSERT INTO system_admin (id, permission_level) VALUES (92, 'high');
INSERT INTO system_admin (id, permission_level) VALUES (93, 'high');
INSERT INTO system_admin (id, permission_level) VALUES (94, 'low');
INSERT INTO system_admin (id, permission_level) VALUES (95, 'high');
INSERT INTO system_admin (id, permission_level) VALUES (96, 'high');
INSERT INTO system_admin (id, permission_level) VALUES (97, 'medium');
INSERT INTO system_admin (id, permission_level) VALUES (98, 'high');
INSERT INTO system_admin (id, permission_level) VALUES (99, 'high');
INSERT INTO system_admin (id, permission_level) VALUES (100, 'low');

# for feedback
INSERT INTO `feedback` (`id`, `recipient_id`, `recipient_type`, `sender_id`, `sender_type`, `content`, `date_submitted`) VALUES ("1", "1", "student", "1", "staff", "One thing that stood out was mentoring new members and it helped me grow as a student leader.", "2024-09-18");
INSERT INTO `feedback` (`id`, `recipient_id`, `recipient_type`, `sender_id`, `sender_type`, `content`, `date_submitted`) VALUES ("2", "2", "faculty", "2", "faculty", "I really enjoyed planning fundraisers and it helped me grow as a student leader.", "2025-03-23");
INSERT INTO `feedback` (`id`, `recipient_id`, `recipient_type`, `sender_id`, `sender_type`, `content`, `date_submitted`) VALUES ("3", "3", "staff", "3", "faculty", "The team dynamic in running workshops and I felt deeply connected to the community.", "2024-11-13");
INSERT INTO `feedback` (`id`, `recipient_id`, `recipient_type`, `sender_id`, `sender_type`, `content`, `date_submitted`) VALUES ("4", "4", "faculty", "4", "faculty", "This club gave me insight into planning fundraisers and I felt deeply connected to the community.", "2025-03-24");
INSERT INTO `feedback` (`id`, `recipient_id`, `recipient_type`, `sender_id`, `sender_type`, `content`, `date_submitted`) VALUES ("5", "5", "other", "5", "student", "What I appreciated most was coordinating logistics and it helped build my confidence.", "2024-04-17");
INSERT INTO `feedback` (`id`, `recipient_id`, `recipient_type`, `sender_id`, `sender_type`, `content`, `date_submitted`) VALUES ("6", "6", "other", "6", "other", "I'm grateful for the opportunity to be involved in managing social media and I developed strong communication abilities.", "2024-05-17");
INSERT INTO `feedback` (`id`, `recipient_id`, `recipient_type`, `sender_id`, `sender_type`, `content`, `date_submitted`) VALUES ("7", "7", "staff", "7", "other", "What I appreciated most was creating inclusive spaces and it gave me a sense of purpose.", "2024-12-24");
INSERT INTO `feedback` (`id`, `recipient_id`, `recipient_type`, `sender_id`, `sender_type`, `content`, `date_submitted`) VALUES ("8", "8", "student", "8", "staff", "One thing that stood out was managing social media and it shaped my career direction.", "2024-10-31");
INSERT INTO `feedback` (`id`, `recipient_id`, `recipient_type`, `sender_id`, `sender_type`, `content`, `date_submitted`) VALUES ("9", "9", "faculty", "9", "staff", "I gained valuable experience through coordinating logistics and it shaped my career direction.", "2024-12-12");
INSERT INTO `feedback` (`id`, `recipient_id`, `recipient_type`, `sender_id`, `sender_type`, `content`, `date_submitted`) VALUES ("10", "10", "staff", "10", "staff", "This club gave me insight into organizing events and it shaped my career direction.", "2024-06-26");
INSERT INTO `feedback` (`id`, `recipient_id`, `recipient_type`, `sender_id`, `sender_type`, `content`, `date_submitted`) VALUES ("11", "11", "other", "11", "other", "One memorable moment from collaborating on a project and it helped me grow as a student leader.", "2024-11-17");
INSERT INTO `feedback` (`id`, `recipient_id`, `recipient_type`, `sender_id`, `sender_type`, `content`, `date_submitted`) VALUES ("12", "12", "student", "12", "staff", "I gained valuable experience through volunteering with the community and it helped me grow as a student leader.", "2024-10-15");
INSERT INTO `feedback` (`id`, `recipient_id`, `recipient_type`, `sender_id`, `sender_type`, `content`, `date_submitted`) VALUES ("13", "13", "student", "13", "other", "I really enjoyed participating in debates and it gave me a sense of purpose.", "2024-10-23");
INSERT INTO `feedback` (`id`, `recipient_id`, `recipient_type`, `sender_id`, `sender_type`, `content`, `date_submitted`) VALUES ("14", "14", "faculty", "14", "other", "I really enjoyed mentoring new members and it helped me grow as a student leader.", "2024-11-24");
INSERT INTO `feedback` (`id`, `recipient_id`, `recipient_type`, `sender_id`, `sender_type`, `content`, `date_submitted`) VALUES ("15", "15", "staff", "15", "student", "It was amazing to be part of building technical skills which broadened my perspective.", "2024-06-12");
INSERT INTO `feedback` (`id`, `recipient_id`, `recipient_type`, `sender_id`, `sender_type`, `content`, `date_submitted`) VALUES ("16", "16", "faculty", "16", "staff", "What I appreciated most was coordinating logistics and it gave me a sense of purpose.", "2025-01-17");
INSERT INTO `feedback` (`id`, `recipient_id`, `recipient_type`, `sender_id`, `sender_type`, `content`, `date_submitted`) VALUES ("17", "17", "other", "17", "staff", "What I appreciated most was participating in debates and I felt deeply connected to the community.", "2024-07-12");
INSERT INTO `feedback` (`id`, `recipient_id`, `recipient_type`, `sender_id`, `sender_type`, `content`, `date_submitted`) VALUES ("18", "18", "student", "18", "staff", "This club gave me insight into volunteering with the community and I made long-lasting friendships.", "2024-10-25");
INSERT INTO `feedback` (`id`, `recipient_id`, `recipient_type`, `sender_id`, `sender_type`, `content`, `date_submitted`) VALUES ("19", "19", "staff", "19", "other", "This club gave me insight into creating inclusive spaces and it broadened my perspective.", "2025-02-11");
INSERT INTO `feedback` (`id`, `recipient_id`, `recipient_type`, `sender_id`, `sender_type`, `content`, `date_submitted`) VALUES ("20", "20", "staff", "20", "staff", "The club helped me grow in leading a committee and it gave me a sense of purpose.", "2024-04-18");
INSERT INTO `feedback` (`id`, `recipient_id`, `recipient_type`, `sender_id`, `sender_type`, `content`, `date_submitted`) VALUES ("21", "21", "faculty", "21", "staff", "One memorable moment from mentoring new members and it helped me grow as a student leader.", "2025-03-02");
INSERT INTO `feedback` (`id`, `recipient_id`, `recipient_type`, `sender_id`, `sender_type`, `content`, `date_submitted`) VALUES ("22", "22", "student", "22", "faculty", "This club gave me insight into creating inclusive spaces and it broadened my perspective.", "2025-03-25");
INSERT INTO `feedback` (`id`, `recipient_id`, `recipient_type`, `sender_id`, `sender_type`, `content`, `date_submitted`) VALUES ("23", "23", "faculty", "23", "student", "This club gave me insight into planning fundraisers and I felt deeply connected to the community.", "2024-09-27");
INSERT INTO `feedback` (`id`, `recipient_id`, `recipient_type`, `sender_id`, `sender_type`, `content`, `date_submitted`) VALUES ("24", "24", "staff", "24", "other", "What I appreciated most was participating in debates and it gave me a sense of purpose.", "2024-10-05");
INSERT INTO `feedback` (`id`, `recipient_id`, `recipient_type`, `sender_id`, `sender_type`, `content`, `date_submitted`) VALUES ("25", "25", "other", "25", "other", "I really enjoyed coordinating logistics and it pushed me outside my comfort zone.", "2024-11-18");
INSERT INTO `feedback` (`id`, `recipient_id`, `recipient_type`, `sender_id`, `sender_type`, `content`, `date_submitted`) VALUES ("26", "26", "other", "26", "other", "I gained valuable experience through coordinating logistics and it shaped my career direction.", "2024-11-09");
INSERT INTO `feedback` (`id`, `recipient_id`, `recipient_type`, `sender_id`, `sender_type`, `content`, `date_submitted`) VALUES ("27", "27", "staff", "27", "staff", "I'm grateful for the opportunity to be involved in designing promotional materials and it helped me grow as a student leader.", "2024-09-06");
INSERT INTO `feedback` (`id`, `recipient_id`, `recipient_type`, `sender_id`, `sender_type`, `content`, `date_submitted`) VALUES ("28", "28", "faculty", "28", "other", "I gained valuable experience through managing social media and it helped build my confidence.", "2024-06-09");
INSERT INTO `feedback` (`id`, `recipient_id`, `recipient_type`, `sender_id`, `sender_type`, `content`, `date_submitted`) VALUES ("29", "29", "student", "29", "staff", "I really enjoyed leading a committee and I developed strong communication abilities.", "2025-03-08");
INSERT INTO `feedback` (`id`, `recipient_id`, `recipient_type`, `sender_id`, `sender_type`, `content`, `date_submitted`) VALUES ("30", "30", "faculty", "30", "student", "The team dynamic in participating in debates and I felt deeply connected to the community.", "2025-02-07");
INSERT INTO `feedback` (`id`, `recipient_id`, `recipient_type`, `sender_id`, `sender_type`, `content`, `date_submitted`) VALUES ("31", "31", "staff", "31", "staff", "What I appreciated most was managing social media and it pushed me outside my comfort zone.", "2024-05-29");
INSERT INTO `feedback` (`id`, `recipient_id`, `recipient_type`, `sender_id`, `sender_type`, `content`, `date_submitted`) VALUES ("32", "32", "faculty", "32", "other", "I really enjoyed mentoring new members and it helped me grow as a student leader.", "2024-04-15");
INSERT INTO `feedback` (`id`, `recipient_id`, `recipient_type`, `sender_id`, `sender_type`, `content`, `date_submitted`) VALUES ("33", "33", "student", "33", "other", "What I appreciated most was planning fundraisers and I felt deeply connected to the community.", "2024-09-26");
INSERT INTO `feedback` (`id`, `recipient_id`, `recipient_type`, `sender_id`, `sender_type`, `content`, `date_submitted`) VALUES ("34", "34", "staff", "34", "student", "One thing that stood out was designing promotional materials and I felt deeply connected to the community.", "2025-01-22");
INSERT INTO `feedback` (`id`, `recipient_id`, `recipient_type`, `sender_id`, `sender_type`, `content`, `date_submitted`) VALUES ("35", "35", "other", "35", "faculty", "I gained valuable experience through coordinating logistics and it shaped my career direction.", "2024-08-07");
INSERT INTO `feedback` (`id`, `recipient_id`, `recipient_type`, `sender_id`, `sender_type`, `content`, `date_submitted`) VALUES ("36", "36", "other", "36", "student", "I'm grateful for the opportunity to be involved in mentoring new members and it helped me grow as a student leader.", "2024-04-27");
INSERT INTO `feedback` (`id`, `recipient_id`, `recipient_type`, `sender_id`, `sender_type`, `content`, `date_submitted`) VALUES ("37", "37", "faculty", "37", "staff", "The team dynamic in volunteering with the community and it gave me a sense of purpose.", "2024-05-29");
INSERT INTO `feedback` (`id`, `recipient_id`, `recipient_type`, `sender_id`, `sender_type`, `content`, `date_submitted`) VALUES ("38", "38", "staff", "38", "student", "This club gave me insight into designing promotional materials which broadened my perspective.", "2024-11-06");
INSERT INTO `feedback` (`id`, `recipient_id`, `recipient_type`, `sender_id`, `sender_type`, `content`, `date_submitted`) VALUES ("39", "39", "other", "39", "student", "I gained valuable experience through managing social media and it helped build my confidence.", "2025-02-27");
INSERT INTO `feedback` (`id`, `recipient_id`, `recipient_type`, `sender_id`, `sender_type`, `content`, `date_submitted`) VALUES ("40", "40", "faculty", "40", "faculty", "This club gave me insight into designing promotional materials which broadened my perspective.", "2024-10-27");
INSERT INTO `feedback` (`id`, `recipient_id`, `recipient_type`, `sender_id`, `sender_type`, `content`, `date_submitted`) VALUES ("41", "41", "student", "41", "staff", "One thing that stood out was planning fundraisers and I made long-lasting friendships.", "2024-09-08");
INSERT INTO `feedback` (`id`, `recipient_id`, `recipient_type`, `sender_id`, `sender_type`, `content`, `date_submitted`) VALUES ("42", "42", "staff", "42", "staff", "It was amazing to be part of managing social media and it helped build my confidence.", "2025-03-23");
INSERT INTO `feedback` (`id`, `recipient_id`, `recipient_type`, `sender_id`, `sender_type`, `content`, `date_submitted`) VALUES ("43", "43", "faculty", "43", "student", "One memorable moment from attending national conferences and it gave me a sense of purpose.", "2024-12-02");
INSERT INTO `feedback` (`id`, `recipient_id`, `recipient_type`, `sender_id`, `sender_type`, `content`, `date_submitted`) VALUES ("44", "44", "staff", "44", "staff", "What I appreciated most was organizing events and it broadened my perspective.", "2024-09-07");
INSERT INTO `feedback` (`id`, `recipient_id`, `recipient_type`, `sender_id`, `sender_type`, `content`, `date_submitted`) VALUES ("45", "45", "faculty", "45", "faculty", "I'm grateful for the opportunity to be involved in designing promotional materials which broadened my perspective.", "2024-11-16");
INSERT INTO `feedback` (`id`, `recipient_id`, `recipient_type`, `sender_id`, `sender_type`, `content`, `date_submitted`) VALUES ("46", "46", "student", "46", "student", "This club gave me insight into organizing events and it shaped my career direction.", "2025-01-22");
INSERT INTO `feedback` (`id`, `recipient_id`, `recipient_type`, `sender_id`, `sender_type`, `content`, `date_submitted`) VALUES ("47", "47", "other", "47", "other", "One memorable moment from volunteering with the community and it shaped my career direction.", "2024-11-17");
INSERT INTO `feedback` (`id`, `recipient_id`, `recipient_type`, `sender_id`, `sender_type`, `content`, `date_submitted`) VALUES ("48", "48", "other", "48", "student", "I gained valuable experience through managing social media and it helped build my confidence.", "2024-10-04");
INSERT INTO `feedback` (`id`, `recipient_id`, `recipient_type`, `sender_id`, `sender_type`, `content`, `date_submitted`) VALUES ("49", "49", "student", "49", "student", "I'm grateful for the opportunity to be involved in designing promotional materials and it helped build my confidence.", "2024-05-16");
INSERT INTO `feedback` (`id`, `recipient_id`, `recipient_type`, `sender_id`, `sender_type`, `content`, `date_submitted`) VALUES ("50", "50", "staff", "50", "staff", "What I appreciated most was participating in debates and it gave me a sense of purpose.", "2025-03-09");
INSERT INTO `feedback` (`id`, `recipient_id`, `recipient_type`, `sender_id`, `sender_type`, `content`, `date_submitted`) VALUES ("51", "51", "staff", "51", "student", "This club gave me insight into organizing events and it shaped my career direction.", "2024-08-03");
INSERT INTO `feedback` (`id`, `recipient_id`, `recipient_type`, `sender_id`, `sender_type`, `content`, `date_submitted`) VALUES ("52", "52", "student", "52", "other", "It was amazing to be part of managing social media and it helped build my confidence.", "2024-05-31");
INSERT INTO `feedback` (`id`, `recipient_id`, `recipient_type`, `sender_id`, `sender_type`, `content`, `date_submitted`) VALUES ("53", "53", "faculty", "53", "faculty", "This club gave me insight into volunteering with the community and I made long-lasting friendships.", "2024-08-17");
INSERT INTO `feedback` (`id`, `recipient_id`, `recipient_type`, `sender_id`, `sender_type`, `content`, `date_submitted`) VALUES ("54", "54", "student", "54", "other", "This club gave me insight into creating inclusive spaces and it helped me grow as a student leader.", "2024-09-04");
INSERT INTO `feedback` (`id`, `recipient_id`, `recipient_type`, `sender_id`, `sender_type`, `content`, `date_submitted`) VALUES ("55", "55", "student", "55", "faculty", "I gained valuable experience through coordinating logistics and it shaped my career direction.", "2025-02-09");
INSERT INTO `feedback` (`id`, `recipient_id`, `recipient_type`, `sender_id`, `sender_type`, `content`, `date_submitted`) VALUES ("56", "56", "faculty", "56", "student", "I'm grateful for the opportunity to be involved in mentoring new members and it helped me grow as a student leader.", "2025-01-25");
INSERT INTO `feedback` (`id`, `recipient_id`, `recipient_type`, `sender_id`, `sender_type`, `content`, `date_submitted`) VALUES ("57", "57", "staff", "57", "faculty", "This club gave me insight into planning fundraisers and I felt deeply connected to the community.", "2024-10-05");
INSERT INTO `feedback` (`id`, `recipient_id`, `recipient_type`, `sender_id`, `sender_type`, `content`, `date_submitted`) VALUES ("58", "58", "faculty", "58", "student", "It was amazing to be part of participating in debates and it pushed me outside my comfort zone.", "2024-05-06");
INSERT INTO `feedback` (`id`, `recipient_id`, `recipient_type`, `sender_id`, `sender_type`, `content`, `date_submitted`) VALUES ("59", "59", "staff", "59", "staff", "What I appreciated most was creating inclusive spaces and it gave me a sense of purpose.", "2024-06-24");
INSERT INTO `feedback` (`id`, `recipient_id`, `recipient_type`, `sender_id`, `sender_type`, `content`, `date_submitted`) VALUES ("60", "60", "student", "60", "student", "It was amazing to be part of building technical skills which strengthened my leadership skills.", "2025-02-13");
INSERT INTO `feedback` (`id`, `recipient_id`, `recipient_type`, `sender_id`, `sender_type`, `content`, `date_submitted`) VALUES ("61", "61", "other", "61", "other", "I really enjoyed planning fundraisers and I developed strong communication abilities.", "2024-05-18");
INSERT INTO `feedback` (`id`, `recipient_id`, `recipient_type`, `sender_id`, `sender_type`, `content`, `date_submitted`) VALUES ("62", "62", "other", "62", "other", "I gained valuable experience through running workshops and I felt deeply connected to the community.", "2024-09-02");
INSERT INTO `feedback` (`id`, `recipient_id`, `recipient_type`, `sender_id`, `sender_type`, `content`, `date_submitted`) VALUES ("63", "63", "staff", "63", "staff", "This club gave me insight into organizing events and it shaped my career direction.", "2024-12-15");
INSERT INTO `feedback` (`id`, `recipient_id`, `recipient_type`, `sender_id`, `sender_type`, `content`, `date_submitted`) VALUES ("64", "64", "staff", "64", "student", "The team dynamic in leading a committee and I made long-lasting friendships.", "2024-09-13");
INSERT INTO `feedback` (`id`, `recipient_id`, `recipient_type`, `sender_id`, `sender_type`, `content`, `date_submitted`) VALUES ("65", "65", "staff", "65", "staff", "I gained valuable experience through running workshops and I felt deeply connected to the community.", "2024-12-21");
INSERT INTO `feedback` (`id`, `recipient_id`, `recipient_type`, `sender_id`, `sender_type`, `content`, `date_submitted`) VALUES ("66", "66", "staff", "66", "student", "I'm grateful for the opportunity to be involved in mentoring new members and I developed strong communication abilities.", "2024-08-30");
INSERT INTO `feedback` (`id`, `recipient_id`, `recipient_type`, `sender_id`, `sender_type`, `content`, `date_submitted`) VALUES ("67", "67", "faculty", "67", "other", "I gained valuable experience through running workshops and I felt deeply connected to the community.", "2024-07-22");
INSERT INTO `feedback` (`id`, `recipient_id`, `recipient_type`, `sender_id`, `sender_type`, `content`, `date_submitted`) VALUES ("68", "68", "staff", "68", "student", "I'm grateful for the opportunity to be involved in designing promotional materials and it helped me grow as a student leader.", "2024-12-20");
INSERT INTO `feedback` (`id`, `recipient_id`, `recipient_type`, `sender_id`, `sender_type`, `content`, `date_submitted`) VALUES ("69", "69", "other", "69", "student", "What I appreciated most was running workshops and it broadened my perspective.", "2024-08-29");
INSERT INTO `feedback` (`id`, `recipient_id`, `recipient_type`, `sender_id`, `sender_type`, `content`, `date_submitted`) VALUES ("70", "70", "other", "70", "faculty", "One memorable moment from managing social media and it helped me grow as a student leader.", "2024-11-02");
INSERT INTO `feedback` (`id`, `recipient_id`, `recipient_type`, `sender_id`, `sender_type`, `content`, `date_submitted`) VALUES ("71", "71", "other", "71", "faculty", "I'm grateful for the opportunity to be involved in designing promotional materials and it helped me grow as a student leader.", "2024-07-29");
INSERT INTO `feedback` (`id`, `recipient_id`, `recipient_type`, `sender_id`, `sender_type`, `content`, `date_submitted`) VALUES ("72", "72", "faculty", "72", "student", "The team dynamic in leading a committee and I made long-lasting friendships.", "2024-05-20");
INSERT INTO `feedback` (`id`, `recipient_id`, `recipient_type`, `sender_id`, `sender_type`, `content`, `date_submitted`) VALUES ("73", "73", "student", "73", "other", "I'm grateful for the opportunity to be involved in mentoring new members and I developed strong communication abilities.", "2025-02-07");
INSERT INTO `feedback` (`id`, `recipient_id`, `recipient_type`, `sender_id`, `sender_type`, `content`, `date_submitted`) VALUES ("74", "74", "student", "74", "student", "I gained valuable experience through collaborating on a project and it gave me a sense of purpose.", "2024-11-16");
INSERT INTO `feedback` (`id`, `recipient_id`, `recipient_type`, `sender_id`, `sender_type`, `content`, `date_submitted`) VALUES ("75", "75", "faculty", "75", "other", "It was amazing to be part of participating in debates and it pushed me outside my comfort zone.", "2024-07-05");
INSERT INTO `feedback` (`id`, `recipient_id`, `recipient_type`, `sender_id`, `sender_type`, `content`, `date_submitted`) VALUES ("76", "76", "faculty", "76", "student", "This club gave me insight into leading a committee and it gave me a sense of purpose.", "2024-06-14");
INSERT INTO `feedback` (`id`, `recipient_id`, `recipient_type`, `sender_id`, `sender_type`, `content`, `date_submitted`) VALUES ("77", "77", "staff", "77", "faculty", "The club helped me grow in participating in debates and I felt deeply connected to the community.", "2025-02-07");
INSERT INTO `feedback` (`id`, `recipient_id`, `recipient_type`, `sender_id`, `sender_type`, `content`, `date_submitted`) VALUES ("78", "78", "student", "78", "faculty", "I really enjoyed collaborating on a project and it helped me grow as a student leader.", "2024-12-19");
INSERT INTO `feedback` (`id`, `recipient_id`, `recipient_type`, `sender_id`, `sender_type`, `content`, `date_submitted`) VALUES ("79", "79", "staff", "79", "other", "I really enjoyed mentoring new members and it helped me grow as a student leader.", "2024-07-24");
INSERT INTO `feedback` (`id`, `recipient_id`, `recipient_type`, `sender_id`, `sender_type`, `content`, `date_submitted`) VALUES ("80", "80", "faculty", "80", "faculty", "I really enjoyed leading a committee and I developed strong communication abilities.", "2024-06-25");
INSERT INTO `feedback` (`id`, `recipient_id`, `recipient_type`, `sender_id`, `sender_type`, `content`, `date_submitted`) VALUES ("81", "81", "student", "81", "student", "I really enjoyed attending national conferences and it shaped my career direction.", "2024-08-15");
INSERT INTO `feedback` (`id`, `recipient_id`, `recipient_type`, `sender_id`, `sender_type`, `content`, `date_submitted`) VALUES ("82", "82", "other", "82", "other", "I'm grateful for the opportunity to be involved in attending national conferences and it gave me a sense of purpose.", "2024-08-12");
INSERT INTO `feedback` (`id`, `recipient_id`, `recipient_type`, `sender_id`, `sender_type`, `content`, `date_submitted`) VALUES ("83", "83", "student", "83", "other", "I gained valuable experience through hosting guest speakers and it helped me grow as a student leader.", "2024-04-10");
INSERT INTO `feedback` (`id`, `recipient_id`, `recipient_type`, `sender_id`, `sender_type`, `content`, `date_submitted`) VALUES ("84", "84", "other", "84", "faculty", "I gained valuable experience through coordinating logistics and it shaped my career direction.", "2024-11-10");
INSERT INTO `feedback` (`id`, `recipient_id`, `recipient_type`, `sender_id`, `sender_type`, `content`, `date_submitted`) VALUES ("85", "85", "other", "85", "faculty", "This club gave me insight into mentoring new members and I made long-lasting friendships.", "2024-07-10");
INSERT INTO `feedback` (`id`, `recipient_id`, `recipient_type`, `sender_id`, `sender_type`, `content`, `date_submitted`) VALUES ("86", "86", "student", "86", "student", "One memorable moment from volunteering with the community and it shaped my career direction.", "2024-07-02");
INSERT INTO `feedback` (`id`, `recipient_id`, `recipient_type`, `sender_id`, `sender_type`, `content`, `date_submitted`) VALUES ("87", "87", "student", "87", "faculty", "I'm grateful for the opportunity to be involved in coordinating logistics and it helped build my confidence.", "2024-07-30");
INSERT INTO `feedback` (`id`, `recipient_id`, `recipient_type`, `sender_id`, `sender_type`, `content`, `date_submitted`) VALUES ("88", "88", "other", "88", "other", "The club helped me grow in hosting guest speakers and I made long-lasting friendships.", "2024-06-19");
INSERT INTO `feedback` (`id`, `recipient_id`, `recipient_type`, `sender_id`, `sender_type`, `content`, `date_submitted`) VALUES ("89", "89", "student", "89", "staff", "I'm grateful for the opportunity to be involved in leading a committee and it pushed me outside my comfort zone.", "2025-02-21");
INSERT INTO `feedback` (`id`, `recipient_id`, `recipient_type`, `sender_id`, `sender_type`, `content`, `date_submitted`) VALUES ("90", "90", "staff", "90", "other", "One memorable moment from attending national conferences and it gave me a sense of purpose.", "2025-01-30");
INSERT INTO `feedback` (`id`, `recipient_id`, `recipient_type`, `sender_id`, `sender_type`, `content`, `date_submitted`) VALUES ("91", "91", "faculty", "91", "other", "I gained valuable experience through running workshops and I felt deeply connected to the community.", "2024-11-25");
INSERT INTO `feedback` (`id`, `recipient_id`, `recipient_type`, `sender_id`, `sender_type`, `content`, `date_submitted`) VALUES ("92", "92", "faculty", "92", "other", "I'm grateful for the opportunity to be involved in volunteering with the community which strengthened my leadership skills.", "2024-04-21");
INSERT INTO `feedback` (`id`, `recipient_id`, `recipient_type`, `sender_id`, `sender_type`, `content`, `date_submitted`) VALUES ("93", "93", "other", "93", "faculty", "I'm grateful for the opportunity to be involved in building technical skills and I developed strong communication abilities.", "2024-07-14");
INSERT INTO `feedback` (`id`, `recipient_id`, `recipient_type`, `sender_id`, `sender_type`, `content`, `date_submitted`) VALUES ("94", "94", "student", "94", "other", "It was amazing to be part of attending national conferences and I felt deeply connected to the community.", "2024-09-12");
INSERT INTO `feedback` (`id`, `recipient_id`, `recipient_type`, `sender_id`, `sender_type`, `content`, `date_submitted`) VALUES ("95", "95", "staff", "95", "other", "What I appreciated most was organizing events and it broadened my perspective.", "2024-06-08");
INSERT INTO `feedback` (`id`, `recipient_id`, `recipient_type`, `sender_id`, `sender_type`, `content`, `date_submitted`) VALUES ("96", "96", "faculty", "96", "other", "One memorable moment from designing promotional materials and it shaped my career direction.", "2024-09-02");
INSERT INTO `feedback` (`id`, `recipient_id`, `recipient_type`, `sender_id`, `sender_type`, `content`, `date_submitted`) VALUES ("97", "97", "faculty", "97", "faculty", "What I appreciated most was organizing events and it broadened my perspective.", "2024-07-13");
INSERT INTO `feedback` (`id`, `recipient_id`, `recipient_type`, `sender_id`, `sender_type`, `content`, `date_submitted`) VALUES ("98", "98", "student", "98", "faculty", "This club gave me insight into managing social media and I made long-lasting friendships.", "2024-04-23");
INSERT INTO `feedback` (`id`, `recipient_id`, `recipient_type`, `sender_id`, `sender_type`, `content`, `date_submitted`) VALUES ("99", "99", "faculty", "99", "student", "I'm grateful for the opportunity to be involved in designing promotional materials and I made long-lasting friendships.", "2024-10-31");
INSERT INTO `feedback` (`id`, `recipient_id`, `recipient_type`, `sender_id`, `sender_type`, `content`, `date_submitted`) VALUES ("100", "100", "faculty", "100", "faculty", "What I appreciated most was leading a committee and it helped build my confidence.", "2024-06-07");

# from application
INSERT INTO `application` (`id`, `status`, `club_id`, `applicant_id`) VALUES ("1", "in progress", "88", "83");
INSERT INTO `application` (`id`, `status`, `club_id`, `applicant_id`) VALUES ("2", "in progress", "97", "10");
INSERT INTO `application` (`id`, `status`, `club_id`, `applicant_id`) VALUES ("3", "in progress", "89", "13");
INSERT INTO `application` (`id`, `status`, `club_id`, `applicant_id`) VALUES ("4", "accepted", "41", "56");
INSERT INTO `application` (`id`, `status`, `club_id`, `applicant_id`) VALUES ("5", "accepted", "31", "26");
INSERT INTO `application` (`id`, `status`, `club_id`, `applicant_id`) VALUES ("6", "rejected", "65", "61");
INSERT INTO `application` (`id`, `status`, `club_id`, `applicant_id`) VALUES ("7", "accepted", "56", "89");
INSERT INTO `application` (`id`, `status`, `club_id`, `applicant_id`) VALUES ("8", "rejected", "80", "2");
INSERT INTO `application` (`id`, `status`, `club_id`, `applicant_id`) VALUES ("9", "in progress", "83", "20");
INSERT INTO `application` (`id`, `status`, `club_id`, `applicant_id`) VALUES ("10", "rejected", "22", "49");
INSERT INTO `application` (`id`, `status`, `club_id`, `applicant_id`) VALUES ("11", "rejected", "71", "44");
INSERT INTO `application` (`id`, `status`, `club_id`, `applicant_id`) VALUES ("12", "in progress", "14", "21");
INSERT INTO `application` (`id`, `status`, `club_id`, `applicant_id`) VALUES ("13", "rejected", "11", "99");
INSERT INTO `application` (`id`, `status`, `club_id`, `applicant_id`) VALUES ("14", "accepted", "91", "43");
INSERT INTO `application` (`id`, `status`, `club_id`, `applicant_id`) VALUES ("15", "in progress", "58", "15");
INSERT INTO `application` (`id`, `status`, `club_id`, `applicant_id`) VALUES ("16", "in progress", "43", "38");
INSERT INTO `application` (`id`, `status`, `club_id`, `applicant_id`) VALUES ("17", "accepted", "44", "96");
INSERT INTO `application` (`id`, `status`, `club_id`, `applicant_id`) VALUES ("18", "accepted", "85", "85");
INSERT INTO `application` (`id`, `status`, `club_id`, `applicant_id`) VALUES ("19", "in progress", "99", "30");
INSERT INTO `application` (`id`, `status`, `club_id`, `applicant_id`) VALUES ("20", "in progress", "66", "14");
INSERT INTO `application` (`id`, `status`, `club_id`, `applicant_id`) VALUES ("21", "in progress", "69", "17");
INSERT INTO `application` (`id`, `status`, `club_id`, `applicant_id`) VALUES ("22", "in progress", "100", "40");
INSERT INTO `application` (`id`, `status`, `club_id`, `applicant_id`) VALUES ("23", "in progress", "53", "25");
INSERT INTO `application` (`id`, `status`, `club_id`, `applicant_id`) VALUES ("24", "rejected", "3", "63");
INSERT INTO `application` (`id`, `status`, `club_id`, `applicant_id`) VALUES ("25", "rejected", "76", "67");
INSERT INTO `application` (`id`, `status`, `club_id`, `applicant_id`) VALUES ("26", "accepted", "18", "88");
INSERT INTO `application` (`id`, `status`, `club_id`, `applicant_id`) VALUES ("27", "accepted", "78", "18");
INSERT INTO `application` (`id`, `status`, `club_id`, `applicant_id`) VALUES ("28", "in progress", "63", "94");
INSERT INTO `application` (`id`, `status`, `club_id`, `applicant_id`) VALUES ("29", "in progress", "51", "9");
INSERT INTO `application` (`id`, `status`, `club_id`, `applicant_id`) VALUES ("30", "accepted", "23", "31");
INSERT INTO `application` (`id`, `status`, `club_id`, `applicant_id`) VALUES ("31", "in progress", "93", "36");
INSERT INTO `application` (`id`, `status`, `club_id`, `applicant_id`) VALUES ("32", "accepted", "68", "65");
INSERT INTO `application` (`id`, `status`, `club_id`, `applicant_id`) VALUES ("33", "accepted", "28", "29");
INSERT INTO `application` (`id`, `status`, `club_id`, `applicant_id`) VALUES ("34", "rejected", "30", "53");
INSERT INTO `application` (`id`, `status`, `club_id`, `applicant_id`) VALUES ("35", "in progress", "73", "24");
INSERT INTO `application` (`id`, `status`, `club_id`, `applicant_id`) VALUES ("36", "rejected", "74", "77");
INSERT INTO `application` (`id`, `status`, `club_id`, `applicant_id`) VALUES ("37", "in progress", "13", "42");
INSERT INTO `application` (`id`, `status`, `club_id`, `applicant_id`) VALUES ("38", "rejected", "45", "75");
INSERT INTO `application` (`id`, `status`, `club_id`, `applicant_id`) VALUES ("39", "rejected", "25", "60");
INSERT INTO `application` (`id`, `status`, `club_id`, `applicant_id`) VALUES ("40", "rejected", "87", "37");
INSERT INTO `application` (`id`, `status`, `club_id`, `applicant_id`) VALUES ("41", "rejected", "10", "86");
INSERT INTO `application` (`id`, `status`, `club_id`, `applicant_id`) VALUES ("42", "accepted", "82", "92");
INSERT INTO `application` (`id`, `status`, `club_id`, `applicant_id`) VALUES ("43", "in progress", "15", "81");
INSERT INTO `application` (`id`, `status`, `club_id`, `applicant_id`) VALUES ("44", "rejected", "38", "3");
INSERT INTO `application` (`id`, `status`, `club_id`, `applicant_id`) VALUES ("45", "in progress", "19", "71");
INSERT INTO `application` (`id`, `status`, `club_id`, `applicant_id`) VALUES ("46", "rejected", "50", "39");
INSERT INTO `application` (`id`, `status`, `club_id`, `applicant_id`) VALUES ("47", "accepted", "34", "48");
INSERT INTO `application` (`id`, `status`, `club_id`, `applicant_id`) VALUES ("48", "rejected", "42", "57");
INSERT INTO `application` (`id`, `status`, `club_id`, `applicant_id`) VALUES ("49", "accepted", "62", "91");
INSERT INTO `application` (`id`, `status`, `club_id`, `applicant_id`) VALUES ("50", "rejected", "8", "54");
INSERT INTO `application` (`id`, `status`, `club_id`, `applicant_id`) VALUES ("51", "rejected", "72", "84");
INSERT INTO `application` (`id`, `status`, `club_id`, `applicant_id`) VALUES ("52", "accepted", "33", "51");
INSERT INTO `application` (`id`, `status`, `club_id`, `applicant_id`) VALUES ("53", "rejected", "32", "1");
INSERT INTO `application` (`id`, `status`, `club_id`, `applicant_id`) VALUES ("54", "rejected", "20", "62");
INSERT INTO `application` (`id`, `status`, `club_id`, `applicant_id`) VALUES ("55", "in progress", "75", "52");
INSERT INTO `application` (`id`, `status`, `club_id`, `applicant_id`) VALUES ("56", "in progress", "54", "11");
INSERT INTO `application` (`id`, `status`, `club_id`, `applicant_id`) VALUES ("57", "rejected", "37", "12");
INSERT INTO `application` (`id`, `status`, `club_id`, `applicant_id`) VALUES ("58", "in progress", "39", "59");
INSERT INTO `application` (`id`, `status`, `club_id`, `applicant_id`) VALUES ("59", "in progress", "6", "6");
INSERT INTO `application` (`id`, `status`, `club_id`, `applicant_id`) VALUES ("60", "accepted", "77", "4");
INSERT INTO `application` (`id`, `status`, `club_id`, `applicant_id`) VALUES ("61", "accepted", "61", "95");
INSERT INTO `application` (`id`, `status`, `club_id`, `applicant_id`) VALUES ("62", "accepted", "96", "73");
INSERT INTO `application` (`id`, `status`, `club_id`, `applicant_id`) VALUES ("63", "in progress", "26", "66");
INSERT INTO `application` (`id`, `status`, `club_id`, `applicant_id`) VALUES ("64", "in progress", "5", "50");
INSERT INTO `application` (`id`, `status`, `club_id`, `applicant_id`) VALUES ("65", "accepted", "95", "35");
INSERT INTO `application` (`id`, `status`, `club_id`, `applicant_id`) VALUES ("66", "in progress", "81", "78");
INSERT INTO `application` (`id`, `status`, `club_id`, `applicant_id`) VALUES ("67", "accepted", "36", "45");
INSERT INTO `application` (`id`, `status`, `club_id`, `applicant_id`) VALUES ("68", "in progress", "9", "93");
INSERT INTO `application` (`id`, `status`, `club_id`, `applicant_id`) VALUES ("69", "accepted", "7", "32");
INSERT INTO `application` (`id`, `status`, `club_id`, `applicant_id`) VALUES ("70", "rejected", "1", "33");
INSERT INTO `application` (`id`, `status`, `club_id`, `applicant_id`) VALUES ("71", "accepted", "84", "76");
INSERT INTO `application` (`id`, `status`, `club_id`, `applicant_id`) VALUES ("72", "in progress", "64", "22");
INSERT INTO `application` (`id`, `status`, `club_id`, `applicant_id`) VALUES ("73", "rejected", "92", "23");
INSERT INTO `application` (`id`, `status`, `club_id`, `applicant_id`) VALUES ("74", "accepted", "55", "90");
INSERT INTO `application` (`id`, `status`, `club_id`, `applicant_id`) VALUES ("75", "accepted", "46", "8");
INSERT INTO `application` (`id`, `status`, `club_id`, `applicant_id`) VALUES ("76", "rejected", "17", "41");
INSERT INTO `application` (`id`, `status`, `club_id`, `applicant_id`) VALUES ("77", "in progress", "98", "19");
INSERT INTO `application` (`id`, `status`, `club_id`, `applicant_id`) VALUES ("78", "in progress", "47", "80");
INSERT INTO `application` (`id`, `status`, `club_id`, `applicant_id`) VALUES ("79", "in progress", "48", "27");
INSERT INTO `application` (`id`, `status`, `club_id`, `applicant_id`) VALUES ("80", "accepted", "70", "58");
INSERT INTO `application` (`id`, `status`, `club_id`, `applicant_id`) VALUES ("81", "rejected", "86", "68");
INSERT INTO `application` (`id`, `status`, `club_id`, `applicant_id`) VALUES ("82", "in progress", "16", "55");
INSERT INTO `application` (`id`, `status`, `club_id`, `applicant_id`) VALUES ("83", "in progress", "12", "47");
INSERT INTO `application` (`id`, `status`, `club_id`, `applicant_id`) VALUES ("84", "rejected", "67", "28");
INSERT INTO `application` (`id`, `status`, `club_id`, `applicant_id`) VALUES ("85", "accepted", "60", "7");
INSERT INTO `application` (`id`, `status`, `club_id`, `applicant_id`) VALUES ("86", "in progress", "35", "72");
INSERT INTO `application` (`id`, `status`, `club_id`, `applicant_id`) VALUES ("87", "rejected", "52", "87");
INSERT INTO `application` (`id`, `status`, `club_id`, `applicant_id`) VALUES ("88", "accepted", "2", "34");
INSERT INTO `application` (`id`, `status`, `club_id`, `applicant_id`) VALUES ("89", "accepted", "94", "16");
INSERT INTO `application` (`id`, `status`, `club_id`, `applicant_id`) VALUES ("90", "in progress", "79", "70");
INSERT INTO `application` (`id`, `status`, `club_id`, `applicant_id`) VALUES ("91", "rejected", "90", "79");
INSERT INTO `application` (`id`, `status`, `club_id`, `applicant_id`) VALUES ("92", "in progress", "21", "69");
INSERT INTO `application` (`id`, `status`, `club_id`, `applicant_id`) VALUES ("93", "in progress", "4", "74");
INSERT INTO `application` (`id`, `status`, `club_id`, `applicant_id`) VALUES ("94", "accepted", "57", "5");
INSERT INTO `application` (`id`, `status`, `club_id`, `applicant_id`) VALUES ("95", "in progress", "59", "82");
INSERT INTO `application` (`id`, `status`, `club_id`, `applicant_id`) VALUES ("96", "rejected", "49", "97");
INSERT INTO `application` (`id`, `status`, `club_id`, `applicant_id`) VALUES ("97", "accepted", "40", "100");
INSERT INTO `application` (`id`, `status`, `club_id`, `applicant_id`) VALUES ("98", "accepted", "29", "46");
INSERT INTO `application` (`id`, `status`, `club_id`, `applicant_id`) VALUES ("99", "accepted", "24", "98");
INSERT INTO `application` (`id`, `status`, `club_id`, `applicant_id`) VALUES ("100", "rejected", "27", "84");

# from backup
INSERT INTO backup (id, admin_id, content, date_created) VALUES (1, 1, 'Facilities maintenance log export - April 2024', '2024-07-23 00:00:00');
INSERT INTO backup (id, admin_id, content, date_created) VALUES (2, 2, 'Presentation slide deck archive - Student-Led Talks', '2024-12-22 00:00:00');
INSERT INTO backup (id, admin_id, content, date_created) VALUES (3, 3, 'Publications archive - Northeastern Literary Society', '2024-04-28 00:00:00');
INSERT INTO backup (id, admin_id, content, date_created) VALUES (4, 4, 'Campus engagement survey results - Northeastern Insights', '2025-01-30 00:00:00');
INSERT INTO backup (id, admin_id, content, date_created) VALUES (5, 5, 'Event registration logs - HackNU 2024', '2025-02-20 00:00:00');
INSERT INTO backup (id, admin_id, content, date_created) VALUES (6, 6, 'Media release forms - Film Society', '2024-08-06 00:00:00');
INSERT INTO backup (id, admin_id, content, date_created) VALUES (7, 7, 'Weekly newsletter drafts - Sustainability Coalition', '2024-10-23 00:00:00');
INSERT INTO backup (id, admin_id, content, date_created) VALUES (8, 8, 'Codebase snapshot - Robotics Club GitHub export', '2024-12-31 00:00:00');
INSERT INTO backup (id, admin_id, content, date_created) VALUES (9, 9, 'Academic advisor notes export - Advising Portal', '2024-04-11 00:00:00');
INSERT INTO backup (id, admin_id, content, date_created) VALUES (10, 10, 'Academic advisor notes export - Advising Portal', '2024-09-16 00:00:00');
INSERT INTO backup (id, admin_id, content, date_created) VALUES (11, 11, 'Campus engagement survey results - Northeastern Insights', '2025-02-10 00:00:00');
INSERT INTO backup (id, admin_id, content, date_created) VALUES (12, 12, 'Past event ticket sales report - Homecoming 2023', '2024-10-02 00:00:00');
INSERT INTO backup (id, admin_id, content, date_created) VALUES (13, 13, 'Project submission archive - Startup Challenge 2024', '2025-03-06 00:00:00');
INSERT INTO backup (id, admin_id, content, date_created) VALUES (14, 14, 'Financial aid award data backup - AY 2023-2024', '2024-07-12 00:00:00');
INSERT INTO backup (id, admin_id, content, date_created) VALUES (15, 15, 'Career fair employer list - April 2024', '2024-08-30 00:00:00');
INSERT INTO backup (id, admin_id, content, date_created) VALUES (16, 16, 'Student grievance submission archive - Ombuds Office', '2025-02-19 00:00:00');
INSERT INTO backup (id, admin_id, content, date_created) VALUES (17, 17, 'Financial aid award data backup - AY 2023-2024', '2024-07-13 00:00:00');
INSERT INTO backup (id, admin_id, content, date_created) VALUES (18, 18, 'Student grievance submission archive - Ombuds Office', '2024-12-20 00:00:00');
INSERT INTO backup (id, admin_id, content, date_created) VALUES (19, 19, 'Past event ticket sales report - Homecoming 2023', '2024-04-11 00:00:00');
INSERT INTO backup (id, admin_id, content, date_created) VALUES (20, 20, 'Volunteer hours log - Community Cleanup April 2024', '2024-06-23 00:00:00');
INSERT INTO backup (id, admin_id, content, date_created) VALUES (21, 21, 'Online poll results export - Club Officer Elections', '2024-09-11 00:00:00');
INSERT INTO backup (id, admin_id, content, date_created) VALUES (22, 22, 'Publications archive - Northeastern Literary Society', '2024-11-06 00:00:00');
INSERT INTO backup (id, admin_id, content, date_created) VALUES (23, 23, 'Volunteer hours log - Community Cleanup April 2024', '2024-08-08 00:00:00');
INSERT INTO backup (id, admin_id, content, date_created) VALUES (24, 24, 'Publications archive - Northeastern Literary Society', '2024-05-02 00:00:00');
INSERT INTO backup (id, admin_id, content, date_created) VALUES (25, 25, 'Codebase snapshot - Robotics Club GitHub export', '2025-03-03 00:00:00');
INSERT INTO backup (id, admin_id, content, date_created) VALUES (26, 26, 'Media release forms - Film Society', '2024-12-07 00:00:00');
INSERT INTO backup (id, admin_id, content, date_created) VALUES (27, 27, 'Shared drive sync log - Women in Tech', '2025-01-09 00:00:00');
INSERT INTO backup (id, admin_id, content, date_created) VALUES (28, 28, 'Codebase snapshot - Robotics Club GitHub export', '2024-07-10 00:00:00');
INSERT INTO backup (id, admin_id, content, date_created) VALUES (29, 29, 'Incident report archive - Fall Semester 2023', '2024-11-12 00:00:00');
INSERT INTO backup (id, admin_id, content, date_created) VALUES (30, 30, 'Campus engagement survey results - Northeastern Insights', '2024-07-26 00:00:00');
INSERT INTO backup (id, admin_id, content, date_created) VALUES (31, 31, 'Academic advisor notes export - Advising Portal', '2025-01-14 00:00:00');
INSERT INTO backup (id, admin_id, content, date_created) VALUES (32, 32, 'Emergency contact database - Fall 2024', '2024-10-29 00:00:00');
INSERT INTO backup (id, admin_id, content, date_created) VALUES (33, 33, 'Student involvement transcript export - April 2024', '2024-07-20 00:00:00');
INSERT INTO backup (id, admin_id, content, date_created) VALUES (34, 34, 'Club equipment inventory list - Tech Lending Program', '2024-04-10 00:00:00');
INSERT INTO backup (id, admin_id, content, date_created) VALUES (35, 35, 'Student roster export - Spring 2024', '2024-05-27 00:00:00');
INSERT INTO backup (id, admin_id, content, date_created) VALUES (36, 36, 'Event feedback forms - Global Citizenship Week', '2025-02-19 00:00:00');
INSERT INTO backup (id, admin_id, content, date_created) VALUES (37, 37, 'Academic advisor notes export - Advising Portal', '2024-07-15 00:00:00');
INSERT INTO backup (id, admin_id, content, date_created) VALUES (38, 38, 'Financial aid award data backup - AY 2023-2024', '2024-11-14 00:00:00');
INSERT INTO backup (id, admin_id, content, date_created) VALUES (39, 39, 'Publications archive - Northeastern Literary Society', '2024-08-18 00:00:00');
INSERT INTO backup (id, admin_id, content, date_created) VALUES (40, 40, 'Campus engagement survey results - Northeastern Insights', '2024-10-13 00:00:00');
INSERT INTO backup (id, admin_id, content, date_created) VALUES (41, 41, 'Training module completion records - April 2024', '2024-09-15 00:00:00');
INSERT INTO backup (id, admin_id, content, date_created) VALUES (42, 42, 'Website HTML backup - International Student Network', '2025-04-01 00:00:00');
INSERT INTO backup (id, admin_id, content, date_created) VALUES (43, 43, 'Online poll results export - Club Officer Elections', '2025-04-04 00:00:00');
INSERT INTO backup (id, admin_id, content, date_created) VALUES (44, 44, 'Student involvement transcript export - April 2024', '2024-12-09 00:00:00');
INSERT INTO backup (id, admin_id, content, date_created) VALUES (45, 45, 'Flyer design files - Pride Week 2024', '2024-04-28 00:00:00');
INSERT INTO backup (id, admin_id, content, date_created) VALUES (46, 46, 'Codebase snapshot - Robotics Club GitHub export', '2024-04-30 00:00:00');
INSERT INTO backup (id, admin_id, content, date_created) VALUES (47, 47, 'Meeting minutes archive - Diversity & Inclusion Committee', '2024-10-01 00:00:00');
INSERT INTO backup (id, admin_id, content, date_created) VALUES (48, 48, 'Undergraduate research submissions - Spring Symposium', '2024-06-09 00:00:00');
INSERT INTO backup (id, admin_id, content, date_created) VALUES (49, 49, 'Canvas gradebook export - Data Science Society', '2025-03-14 00:00:00');
INSERT INTO backup (id, admin_id, content, date_created) VALUES (50, 50, 'Project submission archive - Startup Challenge 2024', '2024-07-18 00:00:00');
INSERT INTO backup (id, admin_id, content, date_created) VALUES (51, 51, 'Canvas gradebook export - Data Science Society', '2024-12-17 00:00:00');
INSERT INTO backup (id, admin_id, content, date_created) VALUES (52, 52, 'Emergency contact database - Fall 2024', '2024-08-19 00:00:00');
INSERT INTO backup (id, admin_id, content, date_created) VALUES (53, 53, 'Cloud storage metadata export - Northeastern OneDrive', '2025-03-03 00:00:00');
INSERT INTO backup (id, admin_id, content, date_created) VALUES (54, 54, 'Email distribution list - Green Engineering Club', '2025-02-26 00:00:00');
INSERT INTO backup (id, admin_id, content, date_created) VALUES (55, 55, 'Event registration logs - HackNU 2024', '2024-10-02 00:00:00');
INSERT INTO backup (id, admin_id, content, date_created) VALUES (56, 56, 'Club membership database snapshot - March 15, 2024', '2024-09-23 00:00:00');
INSERT INTO backup (id, admin_id, content, date_created) VALUES (57, 57, 'Archived club charters - All registered orgs', '2025-01-30 00:00:00');
INSERT INTO backup (id, admin_id, content, date_created) VALUES (58, 58, 'Financial aid award data backup - AY 2023-2024', '2024-09-05 00:00:00');
INSERT INTO backup (id, admin_id, content, date_created) VALUES (59, 59, 'Flyer design files - Pride Week 2024', '2024-12-30 00:00:00');
INSERT INTO backup (id, admin_id, content, date_created) VALUES (60, 60, 'Volunteer hours log - Community Cleanup April 2024', '2024-06-07 00:00:00');
INSERT INTO backup (id, admin_id, content, date_created) VALUES (61, 61, 'Project submission archive - Startup Challenge 2024', '2025-01-13 00:00:00');
INSERT INTO backup (id, admin_id, content, date_created) VALUES (62, 62, 'Incident report archive - Fall Semester 2023', '2024-05-01 00:00:00');
INSERT INTO backup (id, admin_id, content, date_created) VALUES (63, 63, 'Room reservation logs - Curry Student Center', '2025-01-27 00:00:00');
INSERT INTO backup (id, admin_id, content, date_created) VALUES (64, 64, 'Weekly newsletter drafts - Sustainability Coalition', '2024-11-20 00:00:00');
INSERT INTO backup (id, admin_id, content, date_created) VALUES (65, 65, 'Campus engagement survey results - Northeastern Insights', '2024-08-29 00:00:00');
INSERT INTO backup (id, admin_id, content, date_created) VALUES (66, 66, 'Event registration logs - HackNU 2024', '2025-04-01 00:00:00');
INSERT INTO backup (id, admin_id, content, date_created) VALUES (67, 67, 'Archived budget spreadsheet - Fiscal Year 2023', '2024-10-19 00:00:00');
INSERT INTO backup (id, admin_id, content, date_created) VALUES (68, 68, 'Zoom chat logs - Guest Speaker Series', '2024-11-08 00:00:00');
INSERT INTO backup (id, admin_id, content, date_created) VALUES (69, 69, 'Campus engagement survey results - Northeastern Insights', '2024-10-10 00:00:00');
INSERT INTO backup (id, admin_id, content, date_created) VALUES (70, 70, 'Academic advisor notes export - Advising Portal', '2024-04-19 00:00:00');
INSERT INTO backup (id, admin_id, content, date_created) VALUES (71, 71, 'Student roster export - Spring 2024', '2024-07-18 00:00:00');
INSERT INTO backup (id, admin_id, content, date_created) VALUES (72, 72, 'Internship placement records - Co-op Office', '2025-03-05 00:00:00');
INSERT INTO backup (id, admin_id, content, date_created) VALUES (73, 73, 'Zoom chat logs - Guest Speaker Series', '2024-06-20 00:00:00');
INSERT INTO backup (id, admin_id, content, date_created) VALUES (74, 74, 'Annual report archive - Student Government Association', '2024-05-06 00:00:00');
INSERT INTO backup (id, admin_id, content, date_created) VALUES (75, 75, 'Volunteer hours log - Community Cleanup April 2024', '2024-09-20 00:00:00');
INSERT INTO backup (id, admin_id, content, date_created) VALUES (76, 76, 'Club constitution and amendments - Robotics Club', '2024-06-22 00:00:00');
INSERT INTO backup (id, admin_id, content, date_created) VALUES (77, 77, 'Meeting minutes archive - Diversity & Inclusion Committee', '2024-04-18 00:00:00');
INSERT INTO backup (id, admin_id, content, date_created) VALUES (78, 78, 'Internship placement records - Co-op Office', '2025-01-12 00:00:00');
INSERT INTO backup (id, admin_id, content, date_created) VALUES (79, 79, 'Zoom chat logs - Guest Speaker Series', '2024-06-25 00:00:00');
INSERT INTO backup (id, admin_id, content, date_created) VALUES (80, 80, 'Document repository backup - Black Student Union', '2024-10-15 00:00:00');
INSERT INTO backup (id, admin_id, content, date_created) VALUES (81, 81, 'Canvas gradebook export - Data Science Society', '2025-02-11 00:00:00');
INSERT INTO backup (id, admin_id, content, date_created) VALUES (82, 82, 'Event feedback forms - Global Citizenship Week', '2024-07-20 00:00:00');
INSERT INTO backup (id, admin_id, content, date_created) VALUES (83, 83, 'Undergraduate research submissions - Spring Symposium', '2024-10-02 00:00:00');
INSERT INTO backup (id, admin_id, content, date_created) VALUES (84, 84, 'Incident report archive - Fall Semester 2023', '2024-12-25 00:00:00');
INSERT INTO backup (id, admin_id, content, date_created) VALUES (85, 85, 'Internship placement records - Co-op Office', '2025-03-02 00:00:00');
INSERT INTO backup (id, admin_id, content, date_created) VALUES (86, 86, 'Career fair employer list - April 2024', '2024-10-07 00:00:00');
INSERT INTO backup (id, admin_id, content, date_created) VALUES (87, 87, 'Leadership onboarding document pack - Student Government', '2024-09-06 00:00:00');
INSERT INTO backup (id, admin_id, content, date_created) VALUES (88, 88, 'Campus engagement survey results - Northeastern Insights', '2025-02-19 00:00:00');
INSERT INTO backup (id, admin_id, content, date_created) VALUES (89, 89, 'Club membership database snapshot - March 15, 2024', '2024-08-11 00:00:00');
INSERT INTO backup (id, admin_id, content, date_created) VALUES (90, 90, 'Facilities maintenance log export - April 2024', '2024-09-06 00:00:00');
INSERT INTO backup (id, admin_id, content, date_created) VALUES (91, 91, 'Event registration logs - HackNU 2024', '2024-04-28 00:00:00');
INSERT INTO backup (id, admin_id, content, date_created) VALUES (92, 92, 'Zoom chat logs - Guest Speaker Series', '2025-01-17 00:00:00');
INSERT INTO backup (id, admin_id, content, date_created) VALUES (93, 93, 'Club membership database snapshot - March 15, 2024', '2024-08-17 00:00:00');
INSERT INTO backup (id, admin_id, content, date_created) VALUES (94, 94, 'Cloud storage metadata export - Northeastern OneDrive', '2024-05-19 00:00:00');
INSERT INTO backup (id, admin_id, content, date_created) VALUES (95, 95, 'Student involvement transcript export - April 2024', '2024-11-04 00:00:00');
INSERT INTO backup (id, admin_id, content, date_created) VALUES (96, 96, 'Survey responses export - Spring Fest feedback', '2025-03-15 00:00:00');
INSERT INTO backup (id, admin_id, content, date_created) VALUES (97, 97, 'Student roster export - Spring 2024', '2025-02-05 00:00:00');
INSERT INTO backup (id, admin_id, content, date_created) VALUES (98, 98, 'Training module completion records - April 2024', '2024-06-26 00:00:00');
INSERT INTO backup (id, admin_id, content, date_created) VALUES (99, 99, 'Club constitution and amendments - Robotics Club', '2024-11-29 00:00:00');
INSERT INTO backup (id, admin_id, content, date_created) VALUES (100, 100, 'Online poll results export - Club Officer Elections', '2024-11-13 00:00:00');

# from logs
INSERT INTO `logs` (`id`, `admin_id`, `content`, `date_created`) VALUES (1, 1, "Cancelled RSVP via mobile app.", "2024-10-26");
INSERT INTO `logs` (`id`, `admin_id`, `content`, `date_created`) VALUES (2, 2, "Downloaded file during peak hours.", "2024-11-16");
INSERT INTO `logs` (`id`, `admin_id`, `content`, `date_created`) VALUES (3, 3, "Rejected application after password reset.", "2024-06-14");
INSERT INTO `logs` (`id`, `admin_id`, `content`, `date_created`) VALUES (4, 4, "User login with admin privileges.", "2024-06-20");
INSERT INTO `logs` (`id`, `admin_id`, `content`, `date_created`) VALUES (5, 5, "Uploaded document due to inactivity.", "2024-09-27");
INSERT INTO `logs` (`id`, `admin_id`, `content`, `date_created`) VALUES (6, 6, "Sent announcement in member dashboard.", "2024-05-25");
INSERT INTO `logs` (`id`, `admin_id`, `content`, `date_created`) VALUES (7, 7, "Flagged content by request.", "2025-03-08");
INSERT INTO `logs` (`id`, `admin_id`, `content`, `date_created`) VALUES (8, 8, "Rejected application by request.", "2024-04-18");
INSERT INTO `logs` (`id`, `admin_id`, `content`, `date_created`) VALUES (9, 9, "Edited comment due to inactivity.", "2024-09-23");
INSERT INTO `logs` (`id`, `admin_id`, `content`, `date_created`) VALUES (10, 10, "Scheduled meeting in club records.", "2024-08-22");
INSERT INTO `logs` (`id`, `admin_id`, `content`, `date_created`) VALUES (11, 11, "Rejected application by request.", "2024-05-04");
INSERT INTO `logs` (`id`, `admin_id`, `content`, `date_created`) VALUES (12, 12, "Uploaded document by request.", "2025-03-22");
INSERT INTO `logs` (`id`, `admin_id`, `content`, `date_created`) VALUES (13, 13, "Changed password with admin privileges.", "2024-11-09");
INSERT INTO `logs` (`id`, `admin_id`, `content`, `date_created`) VALUES (14, 14, "Submitted feedback for Environmental Alliance.", "2024-05-31");
INSERT INTO `logs` (`id`, `admin_id`, `content`, `date_created`) VALUES (15, 15, "Edited comment as scheduled.", "2024-11-06");
INSERT INTO `logs` (`id`, `admin_id`, `content`, `date_created`) VALUES (16, 16, "Edited comment as scheduled.", "2024-04-11");
INSERT INTO `logs` (`id`, `admin_id`, `content`, `date_created`) VALUES (17, 17, "Viewed event during peak hours.", "2024-06-13");
INSERT INTO `logs` (`id`, `admin_id`, `content`, `date_created`) VALUES (18, 18, "Cancelled RSVP from profile page.", "2025-04-04");
INSERT INTO `logs` (`id`, `admin_id`, `content`, `date_created`) VALUES (19, 19, "Changed password during peak hours.", "2025-02-09");
INSERT INTO `logs` (`id`, `admin_id`, `content`, `date_created`) VALUES (20, 20, "Sent announcement with attachment.", "2024-07-29");
INSERT INTO `logs` (`id`, `admin_id`, `content`, `date_created`) VALUES (21, 21, "Joined club for Environmental Alliance.", "2025-03-13");
INSERT INTO `logs` (`id`, `admin_id`, `content`, `date_created`) VALUES (22, 22, "Changed password with attachment.", "2024-12-05");
INSERT INTO `logs` (`id`, `admin_id`, `content`, `date_created`) VALUES (23, 23, "Joined club for Environmental Alliance.", "2025-01-16");
INSERT INTO `logs` (`id`, `admin_id`, `content`, `date_created`) VALUES (24, 24, "Approved member request during peak hours.", "2024-12-15");
INSERT INTO `logs` (`id`, `admin_id`, `content`, `date_created`) VALUES (25, 25, "Updated club profile by request.", "2024-06-09");
INSERT INTO `logs` (`id`, `admin_id`, `content`, `date_created`) VALUES (26, 26, "Rejected application in club records.", "2024-04-30");
INSERT INTO `logs` (`id`, `admin_id`, `content`, `date_created`) VALUES (27, 27, "Submitted feedback for Black Student Union.", "2024-05-05");
INSERT INTO `logs` (`id`, `admin_id`, `content`, `date_created`) VALUES (28, 28, "Flagged content after session timeout.", "2024-10-07");
INSERT INTO `logs` (`id`, `admin_id`, `content`, `date_created`) VALUES (29, 29, "Submitted feedback from profile page.", "2024-12-26");
INSERT INTO `logs` (`id`, `admin_id`, `content`, `date_created`) VALUES (30, 30, "Sent announcement in member dashboard.", "2024-10-21");
INSERT INTO `logs` (`id`, `admin_id`, `content`, `date_created`) VALUES (31, 31, "Uploaded document for Data Science Society.", "2025-04-01");
INSERT INTO `logs` (`id`, `admin_id`, `content`, `date_created`) VALUES (32, 32, "Changed password due to inactivity.", "2025-03-29");
INSERT INTO `logs` (`id`, `admin_id`, `content`, `date_created`) VALUES (33, 33, "Approved member request containing event info.", "2024-12-19");
INSERT INTO `logs` (`id`, `admin_id`, `content`, `date_created`) VALUES (34, 34, "Deleted post as scheduled.", "2024-12-06");
INSERT INTO `logs` (`id`, `admin_id`, `content`, `date_created`) VALUES (35, 35, "Approved member request via mobile app.", "2024-04-23");
INSERT INTO `logs` (`id`, `admin_id`, `content`, `date_created`) VALUES (36, 36, "Joined club containing event info.", "2025-02-22");
INSERT INTO `logs` (`id`, `admin_id`, `content`, `date_created`) VALUES (37, 37, "Changed password after session timeout.", "2025-03-28");
INSERT INTO `logs` (`id`, `admin_id`, `content`, `date_created`) VALUES (38, 38, "Joined club containing event info.", "2024-07-11");
INSERT INTO `logs` (`id`, `admin_id`, `content`, `date_created`) VALUES (39, 39, "Submitted feedback for Black Student Union.", "2024-04-16");
INSERT INTO `logs` (`id`, `admin_id`, `content`, `date_created`) VALUES (40, 40, "User login by moderator.", "2025-04-05");
INSERT INTO `logs` (`id`, `admin_id`, `content`, `date_created`) VALUES (41, 41, "Rejected application in club records.", "2024-10-22");
INSERT INTO `logs` (`id`, `admin_id`, `content`, `date_created`) VALUES (42, 42, "Rejected application in club records.", "2025-01-17");
INSERT INTO `logs` (`id`, `admin_id`, `content`, `date_created`) VALUES (43, 43, "Submitted feedback for Environmental Alliance.", "2024-06-20");
INSERT INTO `logs` (`id`, `admin_id`, `content`, `date_created`) VALUES (44, 44, "User login during peak hours.", "2024-08-20");
INSERT INTO `logs` (`id`, `admin_id`, `content`, `date_created`) VALUES (45, 45, "Deleted post via mobile app.", "2024-10-23");
INSERT INTO `logs` (`id`, `admin_id`, `content`, `date_created`) VALUES (46, 46, "Uploaded document due to inactivity.", "2024-07-26");
INSERT INTO `logs` (`id`, `admin_id`, `content`, `date_created`) VALUES (47, 47, "Approved member request with attachment.", "2024-07-27");
INSERT INTO `logs` (`id`, `admin_id`, `content`, `date_created`) VALUES (48, 48, "Changed password after session timeout.", "2024-07-08");
INSERT INTO `logs` (`id`, `admin_id`, `content`, `date_created`) VALUES (49, 49, "Flagged content via mobile app.", "2024-05-22");
INSERT INTO `logs` (`id`, `admin_id`, `content`, `date_created`) VALUES (50, 50, "Cancelled RSVP via mobile app.", "2024-10-27");
INSERT INTO `logs` (`id`, `admin_id`, `content`, `date_created`) VALUES (51, 51, "Approved member request during peak hours.", "2024-12-01");
INSERT INTO `logs` (`id`, `admin_id`, `content`, `date_created`) VALUES (52, 52, "Deleted post during peak hours.", "2024-10-27");
INSERT INTO `logs` (`id`, `admin_id`, `content`, `date_created`) VALUES (53, 53, "Edited comment for International Student Network.", "2024-11-30");
INSERT INTO `logs` (`id`, `admin_id`, `content`, `date_created`) VALUES (54, 54, "Edited comment after password reset.", "2024-06-12");
INSERT INTO `logs` (`id`, `admin_id`, `content`, `date_created`) VALUES (55, 55, "Created new event with admin privileges.", "2024-12-18");
INSERT INTO `logs` (`id`, `admin_id`, `content`, `date_created`) VALUES (56, 56, "Flagged content for Environmental Alliance.", "2024-11-25");
INSERT INTO `logs` (`id`, `admin_id`, `content`, `date_created`) VALUES (57, 57, "Joined club in club records.", "2024-04-11");
INSERT INTO `logs` (`id`, `admin_id`, `content`, `date_created`) VALUES (58, 58, "User logout linked to calendar.", "2024-06-03");
INSERT INTO `logs` (`id`, `admin_id`, `content`, `date_created`) VALUES (59, 59, "Changed password after session timeout.", "2024-12-07");
INSERT INTO `logs` (`id`, `admin_id`, `content`, `date_created`) VALUES (60, 60, "Flagged content for Environmental Alliance.", "2024-07-13");
INSERT INTO `logs` (`id`, `admin_id`, `content`, `date_created`) VALUES (61, 61, "Approved member request with attachment.", "2025-03-18");
INSERT INTO `logs` (`id`, `admin_id`, `content`, `date_created`) VALUES (62, 62, "Flagged content for Environmental Alliance.", "2024-09-21");
INSERT INTO `logs` (`id`, `admin_id`, `content`, `date_created`) VALUES (63, 63, "Rejected application in club records.", "2024-10-19");
INSERT INTO `logs` (`id`, `admin_id`, `content`, `date_created`) VALUES (64, 64, "Deleted post with attachment.", "2024-11-06");
INSERT INTO `logs` (`id`, `admin_id`, `content`, `date_created`) VALUES (65, 65, "Cancelled RSVP for International Student Network.", "2024-06-24");
INSERT INTO `logs` (`id`, `admin_id`, `content`, `date_created`) VALUES (66, 66, "Updated club profile by request.", "2024-09-28");
INSERT INTO `logs` (`id`, `admin_id`, `content`, `date_created`) VALUES (67, 67, "Updated club profile during peak hours.", "2025-02-22");
INSERT INTO `logs` (`id`, `admin_id`, `content`, `date_created`) VALUES (68, 68, "Changed password with admin privileges.", "2024-05-13");
INSERT INTO `logs` (`id`, `admin_id`, `content`, `date_created`) VALUES (69, 69, "Created new event via mobile app.", "2024-08-22");
INSERT INTO `logs` (`id`, `admin_id`, `content`, `date_created`) VALUES (70, 70, "Scheduled meeting from profile page.", "2024-12-10");
INSERT INTO `logs` (`id`, `admin_id`, `content`, `date_created`) VALUES (71, 71, "Uploaded document containing event info.", "2024-11-07");
INSERT INTO `logs` (`id`, `admin_id`, `content`, `date_created`) VALUES (72, 72, "Flagged content via mobile app.", "2024-06-21");
INSERT INTO `logs` (`id`, `admin_id`, `content`, `date_created`) VALUES (73, 73, "Rejected application by moderator.", "2024-07-29");
INSERT INTO `logs` (`id`, `admin_id`, `content`, `date_created`) VALUES (74, 74, "Flagged content by request.", "2024-07-05");
INSERT INTO `logs` (`id`, `admin_id`, `content`, `date_created`) VALUES (75, 75, "Viewed event containing event info.", "2024-09-20");
INSERT INTO `logs` (`id`, `admin_id`, `content`, `date_created`) VALUES (76, 76, "Viewed event containing event info.", "2024-11-16");
INSERT INTO `logs` (`id`, `admin_id`, `content`, `date_created`) VALUES (77, 77, "Sent announcement in member dashboard.", "2024-11-05");
INSERT INTO `logs` (`id`, `admin_id`, `content`, `date_created`) VALUES (78, 78, "Deleted post from profile page.", "2025-01-13");
INSERT INTO `logs` (`id`, `admin_id`, `content`, `date_created`) VALUES (79, 79, "Cancelled RSVP via mobile app.", "2024-09-11");
INSERT INTO `logs` (`id`, `admin_id`, `content`, `date_created`) VALUES (80, 80, "Uploaded document due to inactivity.", "2024-10-20");
INSERT INTO `logs` (`id`, `admin_id`, `content`, `date_created`) VALUES (81, 81, "Cancelled RSVP with attachment.", "2024-04-09");
INSERT INTO `logs` (`id`, `admin_id`, `content`, `date_created`) VALUES (82, 82, "Flagged content after password reset.", "2024-09-01");
INSERT INTO `logs` (`id`, `admin_id`, `content`, `date_created`) VALUES (83, 83, "Flagged content after session timeout.", "2025-03-06");
INSERT INTO `logs` (`id`, `admin_id`, `content`, `date_created`) VALUES (84, 84, "Uploaded document by request.", "2024-10-10");
INSERT INTO `logs` (`id`, `admin_id`, `content`, `date_created`) VALUES (85, 85, "Sent announcement with attachment.", "2025-02-23");
INSERT INTO `logs` (`id`, `admin_id`, `content`, `date_created`) VALUES (86, 86, "Joined club containing event info.", "2025-02-19");
INSERT INTO `logs` (`id`, `admin_id`, `content`, `date_created`) VALUES (87, 87, "Deleted post for International Student Network.", "2024-06-02");
INSERT INTO `logs` (`id`, `admin_id`, `content`, `date_created`) VALUES (88, 88, "Joined club containing event info.", "2024-04-17");
INSERT INTO `logs` (`id`, `admin_id`, `content`, `date_created`) VALUES (89, 89, "Rejected application after password reset.", "2025-03-01");
INSERT INTO `logs` (`id`, `admin_id`, `content`, `date_created`) VALUES (90, 90, "Downloaded file during peak hours.", "2025-01-15");
INSERT INTO `logs` (`id`, `admin_id`, `content`, `date_created`) VALUES (91, 91, "Flagged content for Environmental Alliance.", "2024-09-23");
INSERT INTO `logs` (`id`, `admin_id`, `content`, `date_created`) VALUES (92, 92, "Joined club containing event info.", "2024-12-02");
INSERT INTO `logs` (`id`, `admin_id`, `content`, `date_created`) VALUES (93, 93, "Deleted post via mobile app.", "2025-02-20");
INSERT INTO `logs` (`id`, `admin_id`, `content`, `date_created`) VALUES (94, 94, "Changed password by request.", "2025-01-08");
INSERT INTO `logs` (`id`, `admin_id`, `content`, `date_created`) VALUES (95, 95, "Changed password via web portal.", "2024-05-06");
INSERT INTO `logs` (`id`, `admin_id`, `content`, `date_created`) VALUES (96, 96, "Changed password containing event info.", "2024-06-03");
INSERT INTO `logs` (`id`, `admin_id`, `content`, `date_created`) VALUES (97, 97, "Submitted feedback in club records.", "2024-12-25");
INSERT INTO `logs` (`id`, `admin_id`, `content`, `date_created`) VALUES (98, 98, "User login by moderator.", "2025-01-23");
INSERT INTO `logs` (`id`, `admin_id`, `content`, `date_created`) VALUES (99, 99, "Approved member request containing event info.", "2024-07-23");
INSERT INTO `logs` (`id`, `admin_id`, `content`, `date_created`) VALUES (100, 100, "User login as scheduled.", "2025-02-02");

# from role
INSERT INTO `role` (`id`, `admin_id`, `role_name`) VALUES (1, 1, "student");
INSERT INTO `role` (`id`, `admin_id`, `role_name`) VALUES (2, 2, "system administrator");
INSERT INTO `role` (`id`, `admin_id`, `role_name`) VALUES (3, 3, "student");
INSERT INTO `role` (`id`, `admin_id`, `role_name`) VALUES (4, 4, "other");
INSERT INTO `role` (`id`, `admin_id`, `role_name`) VALUES (5, 5, "other");
INSERT INTO `role` (`id`, `admin_id`, `role_name`) VALUES (6, 6, "faculty");
INSERT INTO `role` (`id`, `admin_id`, `role_name`) VALUES (7, 7, "staff");
INSERT INTO `role` (`id`, `admin_id`, `role_name`) VALUES (8, 8, "system administrator");
INSERT INTO `role` (`id`, `admin_id`, `role_name`) VALUES (9, 9, "staff");
INSERT INTO `role` (`id`, `admin_id`, `role_name`) VALUES (10, 10, "faculty");
INSERT INTO `role` (`id`, `admin_id`, `role_name`) VALUES (11, 11, "faculty");
INSERT INTO `role` (`id`, `admin_id`, `role_name`) VALUES (12, 12, "student");
INSERT INTO `role` (`id`, `admin_id`, `role_name`) VALUES (13, 13, "faculty");
INSERT INTO `role` (`id`, `admin_id`, `role_name`) VALUES (14, 14, "other");
INSERT INTO `role` (`id`, `admin_id`, `role_name`) VALUES (15, 15, "staff");
INSERT INTO `role` (`id`, `admin_id`, `role_name`) VALUES (16, 16, "other");
INSERT INTO `role` (`id`, `admin_id`, `role_name`) VALUES (17, 17, "system administrator");
INSERT INTO `role` (`id`, `admin_id`, `role_name`) VALUES (18, 18, "staff");
INSERT INTO `role` (`id`, `admin_id`, `role_name`) VALUES (19, 19, "student");
INSERT INTO `role` (`id`, `admin_id`, `role_name`) VALUES (20, 20, "other");
INSERT INTO `role` (`id`, `admin_id`, `role_name`) VALUES (21, 21, "system administrator");
INSERT INTO `role` (`id`, `admin_id`, `role_name`) VALUES (22, 22, "system administrator");
INSERT INTO `role` (`id`, `admin_id`, `role_name`) VALUES (23, 23, "staff");
INSERT INTO `role` (`id`, `admin_id`, `role_name`) VALUES (24, 24, "system administrator");
INSERT INTO `role` (`id`, `admin_id`, `role_name`) VALUES (25, 25, "faculty");
INSERT INTO `role` (`id`, `admin_id`, `role_name`) VALUES (26, 26, "faculty");
INSERT INTO `role` (`id`, `admin_id`, `role_name`) VALUES (27, 27, "other");
INSERT INTO `role` (`id`, `admin_id`, `role_name`) VALUES (28, 28, "student");
INSERT INTO `role` (`id`, `admin_id`, `role_name`) VALUES (29, 29, "staff");
INSERT INTO `role` (`id`, `admin_id`, `role_name`) VALUES (30, 30, "other");
INSERT INTO `role` (`id`, `admin_id`, `role_name`) VALUES (31, 31, "staff");
INSERT INTO `role` (`id`, `admin_id`, `role_name`) VALUES (32, 32, "faculty");
INSERT INTO `role` (`id`, `admin_id`, `role_name`) VALUES (33, 33, "system administrator");
INSERT INTO `role` (`id`, `admin_id`, `role_name`) VALUES (34, 34, "staff");
INSERT INTO `role` (`id`, `admin_id`, `role_name`) VALUES (35, 35, "staff");
INSERT INTO `role` (`id`, `admin_id`, `role_name`) VALUES (36, 36, "other");
INSERT INTO `role` (`id`, `admin_id`, `role_name`) VALUES (37, 37, "student");
INSERT INTO `role` (`id`, `admin_id`, `role_name`) VALUES (38, 38, "staff");
INSERT INTO `role` (`id`, `admin_id`, `role_name`) VALUES (39, 39, "staff");
INSERT INTO `role` (`id`, `admin_id`, `role_name`) VALUES (40, 40, "staff");
INSERT INTO `role` (`id`, `admin_id`, `role_name`) VALUES (41, 41, "other");
INSERT INTO `role` (`id`, `admin_id`, `role_name`) VALUES (42, 42, "faculty");
INSERT INTO `role` (`id`, `admin_id`, `role_name`) VALUES (43, 43, "staff");
INSERT INTO `role` (`id`, `admin_id`, `role_name`) VALUES (44, 44, "staff");
INSERT INTO `role` (`id`, `admin_id`, `role_name`) VALUES (45, 45, "system administrator");
INSERT INTO `role` (`id`, `admin_id`, `role_name`) VALUES (46, 46, "staff");
INSERT INTO `role` (`id`, `admin_id`, `role_name`) VALUES (47, 47, "staff");
INSERT INTO `role` (`id`, `admin_id`, `role_name`) VALUES (48, 48, "staff");
INSERT INTO `role` (`id`, `admin_id`, `role_name`) VALUES (49, 49, "faculty");
INSERT INTO `role` (`id`, `admin_id`, `role_name`) VALUES (50, 50, "staff");
INSERT INTO `role` (`id`, `admin_id`, `role_name`) VALUES (51, 51, "student");
INSERT INTO `role` (`id`, `admin_id`, `role_name`) VALUES (52, 52, "system administrator");
INSERT INTO `role` (`id`, `admin_id`, `role_name`) VALUES (53, 53, "faculty");
INSERT INTO `role` (`id`, `admin_id`, `role_name`) VALUES (54, 54, "student");
INSERT INTO `role` (`id`, `admin_id`, `role_name`) VALUES (55, 55, "system administrator");
INSERT INTO `role` (`id`, `admin_id`, `role_name`) VALUES (56, 56, "staff");
INSERT INTO `role` (`id`, `admin_id`, `role_name`) VALUES (57, 57, "student");
INSERT INTO `role` (`id`, `admin_id`, `role_name`) VALUES (58, 58, "faculty");
INSERT INTO `role` (`id`, `admin_id`, `role_name`) VALUES (59, 59, "system administrator");
INSERT INTO `role` (`id`, `admin_id`, `role_name`) VALUES (60, 60, "staff");
INSERT INTO `role` (`id`, `admin_id`, `role_name`) VALUES (61, 61, "student");
INSERT INTO `role` (`id`, `admin_id`, `role_name`) VALUES (62, 62, "faculty");
INSERT INTO `role` (`id`, `admin_id`, `role_name`) VALUES (63, 63, "other");
INSERT INTO `role` (`id`, `admin_id`, `role_name`) VALUES (64, 64, "staff");
INSERT INTO `role` (`id`, `admin_id`, `role_name`) VALUES (65, 65, "student");
INSERT INTO `role` (`id`, `admin_id`, `role_name`) VALUES (66, 66, "other");
INSERT INTO `role` (`id`, `admin_id`, `role_name`) VALUES (67, 67, "other");
INSERT INTO `role` (`id`, `admin_id`, `role_name`) VALUES (68, 68, "staff");
INSERT INTO `role` (`id`, `admin_id`, `role_name`) VALUES (69, 69, "staff");
INSERT INTO `role` (`id`, `admin_id`, `role_name`) VALUES (70, 70, "faculty");
INSERT INTO `role` (`id`, `admin_id`, `role_name`) VALUES (71, 71, "system administrator");
INSERT INTO `role` (`id`, `admin_id`, `role_name`) VALUES (72, 72, "student");
INSERT INTO `role` (`id`, `admin_id`, `role_name`) VALUES (73, 73, "faculty");
INSERT INTO `role` (`id`, `admin_id`, `role_name`) VALUES (74, 74, "other");
INSERT INTO `role` (`id`, `admin_id`, `role_name`) VALUES (75, 75, "system administrator");
INSERT INTO `role` (`id`, `admin_id`, `role_name`) VALUES (76, 76, "system administrator");
INSERT INTO `role` (`id`, `admin_id`, `role_name`) VALUES (77, 77, "student");
INSERT INTO `role` (`id`, `admin_id`, `role_name`) VALUES (78, 78, "other");
INSERT INTO `role` (`id`, `admin_id`, `role_name`) VALUES (79, 79, "student");
INSERT INTO `role` (`id`, `admin_id`, `role_name`) VALUES (80, 80, "faculty");
INSERT INTO `role` (`id`, `admin_id`, `role_name`) VALUES (81, 81, "student");
INSERT INTO `role` (`id`, `admin_id`, `role_name`) VALUES (82, 82, "system administrator");
INSERT INTO `role` (`id`, `admin_id`, `role_name`) VALUES (83, 83, "staff");
INSERT INTO `role` (`id`, `admin_id`, `role_name`) VALUES (84, 84, "staff");
INSERT INTO `role` (`id`, `admin_id`, `role_name`) VALUES (85, 85, "system administrator");
INSERT INTO `role` (`id`, `admin_id`, `role_name`) VALUES (86, 86, "faculty");
INSERT INTO `role` (`id`, `admin_id`, `role_name`) VALUES (87, 87, "staff");
INSERT INTO `role` (`id`, `admin_id`, `role_name`) VALUES (88, 88, "other");
INSERT INTO `role` (`id`, `admin_id`, `role_name`) VALUES (89, 89, "other");
INSERT INTO `role` (`id`, `admin_id`, `role_name`) VALUES (90, 90, "faculty");
INSERT INTO `role` (`id`, `admin_id`, `role_name`) VALUES (91, 91, "staff");
INSERT INTO `role` (`id`, `admin_id`, `role_name`) VALUES (92, 92, "staff");
INSERT INTO `role` (`id`, `admin_id`, `role_name`) VALUES (93, 93, "system administrator");
INSERT INTO `role` (`id`, `admin_id`, `role_name`) VALUES (94, 94, "system administrator");
INSERT INTO `role` (`id`, `admin_id`, `role_name`) VALUES (95, 95, "staff");
INSERT INTO `role` (`id`, `admin_id`, `role_name`) VALUES (96, 96, "other");
INSERT INTO `role` (`id`, `admin_id`, `role_name`) VALUES (97, 97, "system administrator");
INSERT INTO `role` (`id`, `admin_id`, `role_name`) VALUES (98, 98, "faculty");
INSERT INTO `role` (`id`, `admin_id`, `role_name`) VALUES (99, 99, "student");
INSERT INTO `role` (`id`, `admin_id`, `role_name`) VALUES (100, 100, "staff");

# from compliance
INSERT INTO `compliance` (`id`, `status`, `admin_id`, `club_id`) VALUES (1, "Renewed", 1, 1);
INSERT INTO `compliance` (`id`, `status`, `admin_id`, `club_id`) VALUES (2, "Not Applicable", 2, 2);
INSERT INTO `compliance` (`id`, `status`, `admin_id`, `club_id`) VALUES (3, "Under Investigation", 3, 3);
INSERT INTO `compliance` (`id`, `status`, `admin_id`, `club_id`) VALUES (4, "Expired", 4, 4);
INSERT INTO `compliance` (`id`, `status`, `admin_id`, `club_id`) VALUES (5, "Rejected", 5, 5);
INSERT INTO `compliance` (`id`, `status`, `admin_id`, `club_id`) VALUES (6, "Waived", 6, 6);
INSERT INTO `compliance` (`id`, `status`, `admin_id`, `club_id`) VALUES (7, "Completed", 7, 7);
INSERT INTO `compliance` (`id`, `status`, `admin_id`, `club_id`) VALUES (8, "Overdue", 8, 8);
INSERT INTO `compliance` (`id`, `status`, `admin_id`, `club_id`) VALUES (9, "Under Investigation", 9, 9);
INSERT INTO `compliance` (`id`, `status`, `admin_id`, `club_id`) VALUES (10, "Needs Update", 10, 10);
INSERT INTO `compliance` (`id`, `status`, `admin_id`, `club_id`) VALUES (11, "Completed", 11, 11);
INSERT INTO `compliance` (`id`, `status`, `admin_id`, `club_id`) VALUES (12, "In Progress", 12, 12);
INSERT INTO `compliance` (`id`, `status`, `admin_id`, `club_id`) VALUES (13, "Overdue", 13, 13);
INSERT INTO `compliance` (`id`, `status`, `admin_id`, `club_id`) VALUES (14, "Approved", 14, 14);
INSERT INTO `compliance` (`id`, `status`, `admin_id`, `club_id`) VALUES (15, "Partially Compliant", 15, 15);
INSERT INTO `compliance` (`id`, `status`, `admin_id`, `club_id`) VALUES (16, "Pending Review", 16, 16);
INSERT INTO `compliance` (`id`, `status`, `admin_id`, `club_id`) VALUES (17, "Rejected", 17, 17);
INSERT INTO `compliance` (`id`, `status`, `admin_id`, `club_id`) VALUES (18, "Completed", 18, 18);
INSERT INTO `compliance` (`id`, `status`, `admin_id`, `club_id`) VALUES (19, "Escalated", 19, 19);
INSERT INTO `compliance` (`id`, `status`, `admin_id`, `club_id`) VALUES (20, "Renewed", 20, 20);
INSERT INTO `compliance` (`id`, `status`, `admin_id`, `club_id`) VALUES (21, "Rejected", 21, 21);
INSERT INTO `compliance` (`id`, `status`, `admin_id`, `club_id`) VALUES (22, "Expired", 22, 22);
INSERT INTO `compliance` (`id`, `status`, `admin_id`, `club_id`) VALUES (23, "Non-Compliant", 23, 23);
INSERT INTO `compliance` (`id`, `status`, `admin_id`, `club_id`) VALUES (24, "Expired", 24, 24);
INSERT INTO `compliance` (`id`, `status`, `admin_id`, `club_id`) VALUES (25, "Partially Compliant", 25, 25);
INSERT INTO `compliance` (`id`, `status`, `admin_id`, `club_id`) VALUES (26, "Pending Review", 26, 26);
INSERT INTO `compliance` (`id`, `status`, `admin_id`, `club_id`) VALUES (27, "Completed", 27, 27);
INSERT INTO `compliance` (`id`, `status`, `admin_id`, `club_id`) VALUES (28, "Completed", 28, 28);
INSERT INTO `compliance` (`id`, `status`, `admin_id`, `club_id`) VALUES (29, "Awaiting Approval", 29, 29);
INSERT INTO `compliance` (`id`, `status`, `admin_id`, `club_id`) VALUES (30, "Needs Update", 30, 30);
INSERT INTO `compliance` (`id`, `status`, `admin_id`, `club_id`) VALUES (31, "Partially Compliant", 31, 31);
INSERT INTO `compliance` (`id`, `status`, `admin_id`, `club_id`) VALUES (32, "Not Applicable", 32, 32);
INSERT INTO `compliance` (`id`, `status`, `admin_id`, `club_id`) VALUES (33, "Not Applicable", 33, 33);
INSERT INTO `compliance` (`id`, `status`, `admin_id`, `club_id`) VALUES (34, "Non-Compliant", 34, 34);
INSERT INTO `compliance` (`id`, `status`, `admin_id`, `club_id`) VALUES (35, "Pending Review", 35, 35);
INSERT INTO `compliance` (`id`, `status`, `admin_id`, `club_id`) VALUES (36, "Needs Update", 36, 36);
INSERT INTO `compliance` (`id`, `status`, `admin_id`, `club_id`) VALUES (37, "Completed", 37, 37);
INSERT INTO `compliance` (`id`, `status`, `admin_id`, `club_id`) VALUES (38, "Overdue", 38, 38);
INSERT INTO `compliance` (`id`, `status`, `admin_id`, `club_id`) VALUES (39, "Partially Compliant", 39, 39);
INSERT INTO `compliance` (`id`, `status`, `admin_id`, `club_id`) VALUES (40, "Not Applicable", 40, 40);
INSERT INTO `compliance` (`id`, `status`, `admin_id`, `club_id`) VALUES (41, "Non-Compliant", 41, 41);
INSERT INTO `compliance` (`id`, `status`, `admin_id`, `club_id`) VALUES (42, "Renewed", 42, 42);
INSERT INTO `compliance` (`id`, `status`, `admin_id`, `club_id`) VALUES (43, "Needs Update", 43, 43);
INSERT INTO `compliance` (`id`, `status`, `admin_id`, `club_id`) VALUES (44, "Renewed", 44, 44);
INSERT INTO `compliance` (`id`, `status`, `admin_id`, `club_id`) VALUES (45, "Non-Compliant", 45, 45);
INSERT INTO `compliance` (`id`, `status`, `admin_id`, `club_id`) VALUES (46, "Awaiting Approval", 46, 46);
INSERT INTO `compliance` (`id`, `status`, `admin_id`, `club_id`) VALUES (47, "In Progress", 47, 47);
INSERT INTO `compliance` (`id`, `status`, `admin_id`, `club_id`) VALUES (48, "Partially Compliant", 48, 48);
INSERT INTO `compliance` (`id`, `status`, `admin_id`, `club_id`) VALUES (49, "Not Applicable", 49, 49);
INSERT INTO `compliance` (`id`, `status`, `admin_id`, `club_id`) VALUES (50, "Not Applicable", 50, 50);
INSERT INTO `compliance` (`id`, `status`, `admin_id`, `club_id`) VALUES (51, "In Progress", 51, 51);
INSERT INTO `compliance` (`id`, `status`, `admin_id`, `club_id`) VALUES (52, "Needs Update", 52, 52);
INSERT INTO `compliance` (`id`, `status`, `admin_id`, `club_id`) VALUES (53, "Completed", 53, 53);
INSERT INTO `compliance` (`id`, `status`, `admin_id`, `club_id`) VALUES (54, "Under Investigation", 54, 54);
INSERT INTO `compliance` (`id`, `status`, `admin_id`, `club_id`) VALUES (55, "Escalated", 55, 55);
INSERT INTO `compliance` (`id`, `status`, `admin_id`, `club_id`) VALUES (56, "Approved", 56, 56);
INSERT INTO `compliance` (`id`, `status`, `admin_id`, `club_id`) VALUES (57, "Needs Update", 57, 57);
INSERT INTO `compliance` (`id`, `status`, `admin_id`, `club_id`) VALUES (58, "Needs Update", 58, 58);
INSERT INTO `compliance` (`id`, `status`, `admin_id`, `club_id`) VALUES (59, "Renewed", 59, 59);
INSERT INTO `compliance` (`id`, `status`, `admin_id`, `club_id`) VALUES (60, "Exempt", 60, 60);
INSERT INTO `compliance` (`id`, `status`, `admin_id`, `club_id`) VALUES (61, "Completed", 61, 61);
INSERT INTO `compliance` (`id`, `status`, `admin_id`, `club_id`) VALUES (62, "Overdue", 62, 62);
INSERT INTO `compliance` (`id`, `status`, `admin_id`, `club_id`) VALUES (63, "Overdue", 63, 63);
INSERT INTO `compliance` (`id`, `status`, `admin_id`, `club_id`) VALUES (64, "Awaiting Approval", 64, 64);
INSERT INTO `compliance` (`id`, `status`, `admin_id`, `club_id`) VALUES (65, "Expired", 65, 65);
INSERT INTO `compliance` (`id`, `status`, `admin_id`, `club_id`) VALUES (66, "Partially Compliant", 66, 66);
INSERT INTO `compliance` (`id`, `status`, `admin_id`, `club_id`) VALUES (67, "Partially Compliant", 67, 67);
INSERT INTO `compliance` (`id`, `status`, `admin_id`, `club_id`) VALUES (68, "Escalated", 68, 68);
INSERT INTO `compliance` (`id`, `status`, `admin_id`, `club_id`) VALUES (69, "Overdue", 69, 69);
INSERT INTO `compliance` (`id`, `status`, `admin_id`, `club_id`) VALUES (70, "Renewed", 70, 70);
INSERT INTO `compliance` (`id`, `status`, `admin_id`, `club_id`) VALUES (71, "Needs Update", 71, 71);
INSERT INTO `compliance` (`id`, `status`, `admin_id`, `club_id`) VALUES (72, "Renewed", 72, 72);
INSERT INTO `compliance` (`id`, `status`, `admin_id`, `club_id`) VALUES (73, "Partially Compliant", 73, 73);
INSERT INTO `compliance` (`id`, `status`, `admin_id`, `club_id`) VALUES (74, "Not Applicable", 74, 74);
INSERT INTO `compliance` (`id`, `status`, `admin_id`, `club_id`) VALUES (75, "Approved", 75, 75);
INSERT INTO `compliance` (`id`, `status`, `admin_id`, `club_id`) VALUES (76, "Awaiting Approval", 76, 76);
INSERT INTO `compliance` (`id`, `status`, `admin_id`, `club_id`) VALUES (77, "Under Investigation", 77, 77);
INSERT INTO `compliance` (`id`, `status`, `admin_id`, `club_id`) VALUES (78, "Partially Compliant", 78, 78);
INSERT INTO `compliance` (`id`, `status`, `admin_id`, `club_id`) VALUES (79, "Awaiting Approval", 79, 79);
INSERT INTO `compliance` (`id`, `status`, `admin_id`, `club_id`) VALUES (80, "Submitted", 80, 80);
INSERT INTO `compliance` (`id`, `status`, `admin_id`, `club_id`) VALUES (81, "Needs Update", 81, 81);
INSERT INTO `compliance` (`id`, `status`, `admin_id`, `club_id`) VALUES (82, "Completed", 82, 82);
INSERT INTO `compliance` (`id`, `status`, `admin_id`, `club_id`) VALUES (83, "Needs Update", 83, 83);
INSERT INTO `compliance` (`id`, `status`, `admin_id`, `club_id`) VALUES (84, "Awaiting Approval", 84, 84);
INSERT INTO `compliance` (`id`, `status`, `admin_id`, `club_id`) VALUES (85, "Partially Compliant", 85, 85);
INSERT INTO `compliance` (`id`, `status`, `admin_id`, `club_id`) VALUES (86, "Overdue", 86, 86);
INSERT INTO `compliance` (`id`, `status`, `admin_id`, `club_id`) VALUES (87, "Pending Review", 87, 87);
INSERT INTO `compliance` (`id`, `status`, `admin_id`, `club_id`) VALUES (88, "Non-Compliant", 88, 88);
INSERT INTO `compliance` (`id`, `status`, `admin_id`, `club_id`) VALUES (89, "Exempt", 89, 89);
INSERT INTO `compliance` (`id`, `status`, `admin_id`, `club_id`) VALUES (90, "Expired", 90, 90);
INSERT INTO `compliance` (`id`, `status`, `admin_id`, `club_id`) VALUES (91, "Awaiting Approval", 91, 91);
INSERT INTO `compliance` (`id`, `status`, `admin_id`, `club_id`) VALUES (92, "Partially Compliant", 92, 92);
INSERT INTO `compliance` (`id`, `status`, `admin_id`, `club_id`) VALUES (93, "Completed", 93, 93);
INSERT INTO `compliance` (`id`, `status`, `admin_id`, `club_id`) VALUES (94, "Approved", 94, 94);
INSERT INTO `compliance` (`id`, `status`, `admin_id`, `club_id`) VALUES (95, "Expired", 95, 95);
INSERT INTO `compliance` (`id`, `status`, `admin_id`, `club_id`) VALUES (96, "Waived", 96, 96);
INSERT INTO `compliance` (`id`, `status`, `admin_id`, `club_id`) VALUES (97, "Completed", 97, 97);
INSERT INTO `compliance` (`id`, `status`, `admin_id`, `club_id`) VALUES (98, "Approved", 98, 98);
INSERT INTO `compliance` (`id`, `status`, `admin_id`, `club_id`) VALUES (99, "Non-Compliant", 99, 99);
INSERT INTO `compliance` (`id`, `status`, `admin_id`, `club_id`) VALUES (100, "Partially Compliant", 100, 100);

